,Date,Oil Price,Dow Jones
0,2010-01-04,81.52,10583.96
1,2010-01-05,81.74,10572.0195
2,2010-01-06,83.12,10573.6797
3,2010-01-07,82.6,10606.8604
4,2010-01-08,82.74,10618.1904
5,2010-01-11,82.54,10663.9902
6,2010-01-12,80.79,10627.2598
7,2010-01-13,79.66,10680.7695
8,2010-01-14,79.35,10710.5498
9,2010-01-15,77.96,10609.6504
10,2010-01-19,78.98,10725.4297
11,2010-01-20,77.42,10603.1504
12,2010-01-21,75.84,10389.8799
13,2010-01-22,74.25,10172.9805
14,2010-01-25,74.9,10196.8604
15,2010-01-26,74.67,10194.29
16,2010-01-27,73.64,10236.1602
17,2010-01-28,73.62,10120.46
18,2010-01-29,72.85,10067.3301
19,2010-02-01,74.41,10185.5303
20,2010-02-02,77.21,10296.8496
21,2010-02-03,76.96,10270.5498
22,2010-02-04,73.13,10002.1797
23,2010-02-05,71.15,10012.2305
24,2010-02-08,71.87,9908.3896
25,2010-02-09,73.71,10058.6396
26,2010-02-10,74.48,10038.3799
27,2010-02-11,75.23,10144.1904
28,2010-02-12,74.11,10099.1396
29,2010-02-16,76.98,10268.8096
30,2010-02-17,77.27,10309.2402
31,2010-02-18,78.97,10392.9004
32,2010-02-19,79.77,10402.3496
33,2010-02-22,80.04,10383.3799
34,2010-02-23,78.61,10282.4102
35,2010-02-24,79.75,10374.1602
36,2010-02-25,77.99,10321.0303
37,2010-02-26,79.72,10325.2598
38,2010-03-01,78.71,10403.79
39,2010-03-02,79.62,10405.9805
40,2010-03-03,80.91,10396.7598
41,2010-03-04,80.21,10444.1396
42,2010-03-05,81.5,10566.2002
43,2010-03-08,81.85,10552.5195
44,2010-03-09,81.5,10564.3799
45,2010-03-10,82.07,10567.3301
46,2010-03-11,82.1,10611.8398
47,2010-03-12,81.26,10624.6904
48,2010-03-15,79.79,10642.1504
49,2010-03-16,81.75,10685.9805
50,2010-03-17,82.93,10733.6699
51,2010-03-18,82.16,10779.1699
52,2010-03-19,80.58,10741.9805
53,2010-03-22,81.26,10785.8896
54,2010-03-23,81.68,10888.8301
55,2010-03-24,80.29,10836.1504
56,2010-03-25,80.25,10841.21
57,2010-03-26,79.75,10850.3604
58,2010-03-29,81.92,10895.8604
59,2010-03-30,82.14,10907.4199
60,2010-03-31,83.45,10856.6299
61,2010-04-01,84.53,10927.0703
62,2010-04-05,86.36,10973.5498
63,2010-04-06,86.54,10969.9902
64,2010-04-07,85.64,10897.5195
65,2010-04-08,85.17,10927.0703
66,2010-04-09,84.6,10997.3496
67,2010-04-12,84.07,11005.9697
68,2010-04-13,83.8,11019.4199
69,2010-04-14,85.62,11123.1104
70,2010-04-15,85.25,11144.5703
71,2010-04-16,82.97,11018.6602
72,2010-04-19,81.52,11092.0498
73,2010-04-20,82.98,11117.0596
74,2010-04-21,82.78,11124.9199
75,2010-04-22,82.89,11134.29
76,2010-04-23,84.34,11204.2803
77,2010-04-26,84.2,11205.0303
78,2010-04-27,82.43,10991.9902
79,2010-04-28,83.22,11045.2695
80,2010-04-29,85.17,11167.3203
81,2010-04-30,86.07,11008.6104
82,2010-05-03,86.19,11151.8301
83,2010-05-04,82.73,10926.7695
84,2010-05-05,80.0,10866.8301
85,2010-05-06,77.18,10520.3203
86,2010-05-07,75.1,10380.4297
87,2010-05-10,76.89,10785.1396
88,2010-05-11,76.37,10748.2598
89,2010-05-12,75.65,10896.9102
90,2010-05-13,74.38,10782.9502
91,2010-05-14,71.61,10620.1602
92,2010-05-17,70.08,10625.8301
93,2010-05-18,69.38,10510.9502
94,2010-05-19,69.91,10444.3701
95,2010-05-20,68.28,10068.0098
96,2010-05-21,68.03,10193.3896
97,2010-05-24,68.23,10066.5703
98,2010-05-25,64.78,10043.75
99,2010-05-26,71.52,9974.4502
100,2010-05-27,74.56,10258.9902
101,2010-05-28,74.0,10136.6299
102,2010-06-01,72.7,10024.0195
103,2010-06-02,72.88,10249.54
104,2010-06-03,74.62,10255.2803
105,2010-06-04,71.43,9931.9697
106,2010-06-07,71.55,9816.4902
107,2010-06-08,71.88,9939.9805
108,2010-06-09,74.38,9899.25
109,2010-06-10,75.48,10172.5303
110,2010-06-11,73.89,10211.0703
111,2010-06-14,74.99,10190.8896
112,2010-06-15,76.84,10404.7695
113,2010-06-16,77.67,10409.46
114,2010-06-17,76.82,10434.1699
115,2010-06-18,77.18,10450.6396
116,2010-06-21,77.84,10442.4102
117,2010-06-22,77.15,10293.5195
118,2010-06-23,75.9,10298.4404
119,2010-06-24,75.96,10152.7998
120,2010-06-25,78.45,10143.8096
121,2010-06-28,78.26,10138.5195
122,2010-06-29,75.93,9870.2998
123,2010-06-30,75.59,9774.0195
124,2010-07-01,72.95,9732.5303
125,2010-07-02,72.06,9686.4805
126,2010-07-06,71.96,9743.6201
127,2010-07-07,74.05,10018.2803
128,2010-07-08,75.46,10138.9902
129,2010-07-09,76.08,10198.0303
130,2010-07-12,74.93,10216.2695
131,2010-07-13,77.16,10363.0195
132,2010-07-14,77.02,10366.7197
133,2010-07-15,76.67,10359.3096
134,2010-07-16,75.96,10097.9004
135,2010-07-19,76.53,10154.4297
136,2010-07-20,77.32,10229.96
137,2010-07-21,76.27,10120.5303
138,2010-07-22,79.01,10322.2998
139,2010-07-23,78.68,10424.6201
140,2010-07-26,78.93,10525.4297
141,2010-07-27,77.46,10537.6904
142,2010-07-28,77.06,10497.8799
143,2010-07-29,78.3,10467.1602
144,2010-07-30,78.85,10465.9404
145,2010-08-02,81.25,10674.3799
146,2010-08-03,82.52,10636.3799
147,2010-08-04,82.49,10680.4297
148,2010-08-05,82.0,10674.9805
149,2010-08-06,80.67,10653.5596
150,2010-08-09,81.46,10698.75
151,2010-08-10,80.24,10644.25
152,2010-08-11,78.09,10378.8301
153,2010-08-12,75.68,10319.9502
154,2010-08-13,75.39,10303.1504
155,2010-08-16,75.17,10302.0098
156,2010-08-17,75.76,10405.8496
157,2010-08-18,75.39,10415.54
158,2010-08-19,74.45,10271.21
159,2010-08-20,73.45,10213.6201
160,2010-08-23,72.71,10174.4102
161,2010-08-24,71.24,10040.4502
162,2010-08-25,72.07,10060.0596
163,2010-08-26,73.36,9985.8096
164,2010-08-27,75.17,10150.6504
165,2010-08-30,74.69,10009.7305
166,2010-08-31,71.93,10014.7197
167,2010-09-01,73.97,10269.4697
168,2010-09-02,74.99,10320.0996
169,2010-09-03,74.52,10447.9297
170,2010-09-07,73.98,10340.6904
171,2010-09-08,74.65,10387.0098
172,2010-09-09,74.25,10415.2402
173,2010-09-10,76.4,10462.7695
174,2010-09-13,77.17,10544.1299
175,2010-09-14,76.78,10526.4902
176,2010-09-15,75.92,10572.7305
177,2010-09-16,74.58,10594.8301
178,2010-09-17,73.63,10607.8496
179,2010-09-20,74.81,10753.6201
180,2010-09-21,72.96,10761.0303
181,2010-09-22,72.98,10739.3096
182,2010-09-23,73.4,10662.4199
183,2010-09-24,74.63,10860.2598
184,2010-09-27,76.51,10812.04
185,2010-09-28,76.15,10858.1396
186,2010-09-29,77.85,10835.2803
187,2010-09-30,79.95,10788.0498
188,2010-10-01,81.57,10829.6797
189,2010-10-04,81.43,10751.2695
190,2010-10-05,82.83,10944.7197
191,2010-10-06,83.21,10967.6504
192,2010-10-07,81.34,10948.5801
193,2010-10-08,82.66,11006.4805
194,2010-10-11,82.18,11010.3398
195,2010-10-12,81.67,11020.4004
196,2010-10-13,83.03,11096.0801
197,2010-10-14,82.71,11094.5703
198,2010-10-15,81.23,11062.7803
199,2010-10-18,83.06,11143.6904
200,2010-10-19,79.57,10978.6201
201,2010-10-20,81.93,11107.9697
202,2010-10-21,80.03,11146.5703
203,2010-10-22,81.15,11132.5596
204,2010-10-25,82.0,11164.0498
205,2010-10-26,82.6,11169.46
206,2010-10-27,81.9,11126.2803
207,2010-10-28,82.2,11113.9502
208,2010-10-29,81.45,11118.4902
209,2010-11-01,82.94,11124.6201
210,2010-11-02,83.91,11188.7197
211,2010-11-03,84.45,11215.1299
212,2010-11-04,86.49,11434.8398
213,2010-11-05,86.85,11444.0801
214,2010-11-08,87.07,11406.8398
215,2010-11-09,87.04,11346.75
216,2010-11-10,87.77,11357.04
217,2010-11-11,87.77,11283.0996
218,2010-11-12,84.89,11192.5801
219,2010-11-15,84.88,11201.9697
220,2010-11-16,82.33,11023.5
221,2010-11-17,80.43,11007.8799
222,2010-11-18,81.88,11181.2305
223,2010-11-19,81.65,11203.5498
224,2010-11-22,81.24,11178.5801
225,2010-11-23,80.79,11036.3701
226,2010-11-24,83.21,11187.2803
227,2010-11-26,83.87,11091.8701
228,2010-11-29,85.73,11052.4902
229,2010-11-30,84.12,11006.0195
230,2010-12-01,86.75,11255.7803
231,2010-12-02,87.98,11362.4102
232,2010-12-03,89.18,11382.0898
233,2010-12-06,89.33,11362.1904
234,2010-12-07,88.69,11359.1602
235,2010-12-08,88.3,11372.4805
236,2010-12-09,88.35,11370.0596
237,2010-12-10,87.81,11410.3203
238,2010-12-13,88.62,11428.5596
239,2010-12-14,88.33,11476.54
240,2010-12-15,88.66,11457.4697
241,2010-12-16,87.71,11499.25
242,2010-12-17,88.02,11491.9102
243,2010-12-20,88.68,11478.1299
244,2010-12-21,89.3,11533.1602
245,2010-12-22,89.83,11559.4902
246,2010-12-23,90.84,11573.4902
247,2010-12-27,90.99,11555.0303
248,2010-12-28,91.48,11575.54
249,2010-12-29,91.13,11585.3799
250,2010-12-30,89.85,11569.71
251,2010-12-31,91.38,11577.5098
252,2011-01-03,91.59,11670.75
253,2011-01-04,89.39,11691.1797
254,2011-01-05,90.3,11722.8896
255,2011-01-06,88.37,11697.3096
256,2011-01-07,88.07,11674.7598
257,2011-01-10,89.24,11637.4502
258,2011-01-11,91.11,11671.8799
259,2011-01-12,91.85,11755.4404
260,2011-01-13,91.39,11731.9004
261,2011-01-14,91.53,11787.3799
262,2011-01-18,91.38,11837.9297
263,2011-01-19,90.85,11825.29
264,2011-01-20,88.56,11822.7998
265,2011-01-21,88.22,11871.8398
266,2011-01-24,86.74,11980.5195
267,2011-01-25,85.08,11977.1904
268,2011-01-26,86.15,11985.4404
269,2011-01-27,84.45,11989.8301
270,2011-01-28,88.15,11823.7002
271,2011-01-31,90.99,11891.9297
272,2011-02-01,89.54,12040.1602
273,2011-02-02,89.78,12041.9697
274,2011-02-03,89.42,12062.2598
275,2011-02-04,87.87,12092.1504
276,2011-02-07,86.3,12161.6299
277,2011-02-08,85.85,12233.1504
278,2011-02-09,85.59,12239.8896
279,2011-02-10,85.44,12229.29
280,2011-02-11,84.39,12273.2598
281,2011-02-14,83.66,12268.1904
282,2011-02-15,83.13,12226.6396
283,2011-02-16,83.8,12288.1699
284,2011-02-17,85.05,12318.1396
285,2011-02-18,85.03,12391.25
286,2011-02-22,92.65,12212.79
287,2011-02-23,96.04,12105.7803
288,2011-02-24,95.83,12068.5
289,2011-02-25,96.52,12130.4502
290,2011-02-28,97.1,12226.3398
291,2011-03-01,99.63,12058.0195
292,2011-03-02,102.27,12066.7998
293,2011-03-03,101.92,12258.2002
294,2011-03-04,104.34,12169.8799
295,2011-03-07,105.37,12090.0303
296,2011-03-08,105.06,12214.3799
297,2011-03-09,104.39,12213.0898
298,2011-03-10,102.73,11984.6104
299,2011-03-11,101.14,12044.4004
300,2011-03-14,101.2,11993.1602
301,2011-03-15,97.23,11855.4199
302,2011-03-16,97.99,11613.2998
303,2011-03-17,101.47,11774.5898
304,2011-03-18,101.06,11858.5195
305,2011-03-21,102.36,12036.5303
306,2011-03-22,104.53,12018.6299
307,2011-03-23,105.21,12086.0195
308,2011-03-24,105.04,12170.5596
309,2011-03-25,104.89,12220.5898
310,2011-03-28,103.54,12197.8799
311,2011-03-29,104.34,12279.0098
312,2011-03-30,103.8,12350.6104
313,2011-03-31,106.19,12319.7305
314,2011-04-01,107.55,12376.7197
315,2011-04-04,108.14,12400.0303
316,2011-04-05,107.82,12393.9004
317,2011-04-06,108.38,12426.75
318,2011-04-07,109.82,12409.4902
319,2011-04-08,112.27,12380.0498
320,2011-04-11,109.5,12381.1104
321,2011-04-12,105.75,12263.5801
322,2011-04-13,106.6,12270.9902
323,2011-04-14,107.73,12285.1504
324,2011-04-15,109.17,12341.8301
325,2011-04-18,106.7,12201.5898
326,2011-04-19,107.18,12266.75
327,2011-04-20,110.84,12453.54
328,2011-04-21,111.72,12505.9902
329,2011-04-25,111.68,12479.8799
330,2011-04-26,111.72,12595.3701
331,2011-04-27,112.31,12690.96
332,2011-04-28,112.38,12763.3096
333,2011-04-29,113.39,12810.54
334,2011-05-02,113.03,12807.3604
335,2011-05-03,110.6,12807.5098
336,2011-05-04,108.79,12723.5801
337,2011-05-05,99.89,12584.1699
338,2011-05-06,96.87,12638.7402
339,2011-05-09,100.32,12684.6797
340,2011-05-10,103.39,12760.3604
341,2011-05-11,97.88,12630.0303
342,2011-05-12,98.53,12695.9199
343,2011-05-13,99.21,12595.75
344,2011-05-16,96.91,12548.3701
345,2011-05-17,96.4,12479.5801
346,2011-05-18,99.52,12560.1797
347,2011-05-19,97.99,12605.3203
348,2011-05-20,99.15,12512.04
349,2011-05-23,97.06,12381.2598
350,2011-05-24,99.13,12356.21
351,2011-05-25,100.78,12394.6602
352,2011-05-26,100.18,12402.7598
353,2011-05-27,100.58,12441.5801
354,2011-05-31,102.7,12569.79
355,2011-06-01,100.3,12290.1396
356,2011-06-02,100.41,12248.5498
357,2011-06-03,100.28,12151.2598
358,2011-06-06,99.07,12089.96
359,2011-06-07,99.18,12070.8096
360,2011-06-08,100.77,12048.9404
361,2011-06-09,101.95,12124.3604
362,2011-06-10,99.3,11951.9102
363,2011-06-13,97.2,11952.9697
364,2011-06-14,99.37,12076.1104
365,2011-06-15,94.83,11897.2695
366,2011-06-16,94.95,11961.5195
367,2011-06-17,93.02,12004.3604
368,2011-06-20,93.23,12080.3799
369,2011-06-21,93.7,12190.0098
370,2011-06-22,94.96,12109.6699
371,2011-06-23,90.7,12050.0
372,2011-06-24,90.89,11934.5801
373,2011-06-27,90.65,12043.5596
374,2011-06-28,92.9,12188.6904
375,2011-06-29,94.85,12261.4199
376,2011-06-30,95.3,12414.3398
377,2011-07-01,94.81,12582.7695
378,2011-07-05,96.92,12569.8701
379,2011-07-06,96.67,12626.0195
380,2011-07-07,98.7,12719.4902
381,2011-07-08,96.2,12657.2002
382,2011-07-11,95.16,12505.7598
383,2011-07-12,97.41,12446.8799
384,2011-07-13,98.04,12491.6104
385,2011-07-14,95.75,12437.1201
386,2011-07-15,97.24,12479.7305
387,2011-07-18,95.94,12385.1602
388,2011-07-19,97.49,12587.4199
389,2011-07-20,98.11,12571.9102
390,2011-07-21,98.96,12724.4102
391,2011-07-22,99.53,12681.1602
392,2011-07-25,98.97,12592.7998
393,2011-07-26,99.61,12501.2998
394,2011-07-27,97.4,12302.5498
395,2011-07-28,97.48,12240.1104
396,2011-07-29,95.68,12143.2402
397,2011-08-01,94.98,12132.4902
398,2011-08-02,93.78,11866.6201
399,2011-08-03,91.87,11896.4404
400,2011-08-04,86.75,11383.6797
401,2011-08-05,86.89,11444.6104
402,2011-08-08,81.27,10809.8496
403,2011-08-09,79.32,11239.7695
404,2011-08-10,83.05,10719.9404
405,2011-08-11,85.48,11143.3096
406,2011-08-12,85.19,11269.0195
407,2011-08-15,87.88,11482.9004
408,2011-08-16,86.65,11405.9297
409,2011-08-17,87.58,11410.21
410,2011-08-18,82.38,10990.5801
411,2011-08-19,82.33,10817.6504
412,2011-08-22,84.42,10854.6504
413,2011-08-23,85.35,11176.7598
414,2011-08-24,84.99,11320.71
415,2011-08-25,85.15,11149.8203
416,2011-08-26,85.37,11284.54
417,2011-08-29,87.27,11539.25
418,2011-08-30,88.9,11559.9502
419,2011-08-31,88.81,11613.5303
420,2011-09-01,88.93,11493.5703
421,2011-09-02,86.45,11240.2598
422,2011-09-06,85.99,11139.2998
423,2011-09-07,89.34,11414.8604
424,2011-09-08,89.05,11295.8096
425,2011-09-09,87.24,10992.1299
426,2011-09-12,88.19,11061.1201
427,2011-09-13,90.21,11105.8496
428,2011-09-14,88.91,11246.7305
429,2011-09-15,89.4,11433.1797
430,2011-09-16,87.96,11509.0898
431,2011-09-19,85.7,11401.0098
432,2011-09-20,86.92,11408.6602
433,2011-09-21,85.77,11124.8398
434,2011-09-22,80.29,10733.8301
435,2011-09-23,79.58,10771.4805
436,2011-09-26,79.97,11043.8604
437,2011-09-27,84.18,11190.6904
438,2011-09-28,80.94,11010.9004
439,2011-09-29,81.87,11153.9805
440,2011-09-30,78.93,10913.3799
441,2011-10-03,77.34,10655.2998
442,2011-10-04,75.4,10808.71
443,2011-10-05,79.41,10939.9502
444,2011-10-06,82.32,11123.3301
445,2011-10-07,82.7,11103.1201
446,2011-10-10,85.14,11433.1797
447,2011-10-11,85.54,11416.2998
448,2011-10-12,85.3,11518.8496
449,2011-10-13,83.96,11478.1299
450,2011-10-14,86.8,11644.4902
451,2011-10-17,86.38,11397.0
452,2011-10-18,88.34,11577.0498
453,2011-10-19,86.11,11504.6201
454,2011-10-20,86.07,11541.7803
455,2011-10-21,87.19,11808.79
456,2011-10-24,91.12,11913.6201
457,2011-10-25,92.98,11706.6201
458,2011-10-26,90.2,11869.04
459,2011-10-27,93.96,12208.5498
460,2011-10-28,93.32,12231.1104
461,2011-10-31,93.19,11955.0098
462,2011-11-01,92.19,11657.96
463,2011-11-02,92.51,11836.04
464,2011-11-03,94.07,12044.4697
465,2011-11-04,94.26,11983.2402
466,2011-11-07,95.52,12068.3896
467,2011-11-08,96.8,12170.1797
468,2011-11-09,95.74,11780.9404
469,2011-11-10,97.78,11893.8604
470,2011-11-11,98.99,12153.6797
471,2011-11-14,98.14,12078.9805
472,2011-11-15,99.37,12096.1602
473,2011-11-16,102.59,11905.5898
474,2011-11-17,98.82,11770.7305
475,2011-11-18,97.67,11796.1602
476,2011-11-21,96.73,11547.3096
477,2011-11-22,97.76,11493.7197
478,2011-11-23,96.16,11257.5498
479,2011-11-25,96.91,11231.6504
480,2011-11-28,98.21,11523.0098
481,2011-11-29,99.79,11555.6299
482,2011-11-30,100.36,12045.6797
483,2011-12-01,100.2,12020.0303
484,2011-12-02,100.97,12019.4199
485,2011-12-05,100.94,12097.8301
486,2011-12-06,101.25,12150.1299
487,2011-12-07,100.45,12196.3701
488,2011-12-08,98.35,11997.7002
489,2011-12-09,99.4,12184.2598
490,2011-12-12,97.77,12021.3896
491,2011-12-13,100.24,11954.9404
492,2011-12-14,94.92,11823.4805
493,2011-12-15,93.84,11868.8096
494,2011-12-16,93.55,11866.3896
495,2011-12-19,93.86,11766.2598
496,2011-12-20,97.16,12103.5801
497,2011-12-21,98.54,12107.7402
498,2011-12-22,99.42,12169.6504
499,2011-12-23,99.72,12294.0
500,2011-12-27,101.29,12291.3496
501,2011-12-28,99.44,12151.4102
502,2011-12-29,99.68,12287.04
503,2011-12-30,98.83,12217.5596
504,2012-01-03,102.96,12397.3799
505,2012-01-04,103.22,12418.4199
506,2012-01-05,101.81,12415.7002
507,2012-01-06,101.56,12359.9199
508,2012-01-09,101.31,12392.6904
509,2012-01-10,102.24,12462.4697
510,2012-01-11,100.89,12449.4502
511,2012-01-12,99.03,12471.0195
512,2012-01-13,98.69,12422.0596
513,2012-01-17,100.7,12482.0703
514,2012-01-18,100.61,12578.9502
515,2012-01-19,100.32,12623.9805
516,2012-01-20,98.15,12720.4805
517,2012-01-23,99.47,12708.8203
518,2012-01-24,98.84,12675.75
519,2012-01-25,99.23,12758.8496
520,2012-01-26,99.76,12734.6299
521,2012-01-27,99.47,12660.46
522,2012-01-30,98.75,12653.7197
523,2012-01-31,98.46,12632.9102
524,2012-02-01,97.63,12716.46
525,2012-02-02,96.36,12705.4102
526,2012-02-03,97.8,12862.2305
527,2012-02-06,96.89,12845.1299
528,2012-02-07,98.55,12878.2002
529,2012-02-08,98.8,12883.9502
530,2012-02-09,99.88,12890.46
531,2012-02-10,98.68,12801.2305
532,2012-02-13,100.39,12874.04
533,2012-02-14,100.82,12878.2803
534,2012-02-15,101.82,12780.9502
535,2012-02-16,102.33,12904.0801
536,2012-02-17,103.27,12949.8701
537,2012-02-21,105.88,12965.6904
538,2012-02-22,105.99,12938.6699
539,2012-02-23,107.44,12984.6904
540,2012-02-24,109.39,12982.9502
541,2012-02-27,108.49,12981.5098
542,2012-02-28,106.59,13005.1201
543,2012-02-29,107.08,12952.0703
544,2012-03-01,108.76,12980.2998
545,2012-03-02,106.68,12977.5703
546,2012-03-05,106.7,12962.8096
547,2012-03-06,104.71,12759.1504
548,2012-03-07,106.16,12837.3301
549,2012-03-08,106.65,12907.9404
550,2012-03-09,107.4,12922.0195
551,2012-03-12,106.34,12959.71
552,2012-03-13,106.7,13177.6797
553,2012-03-14,105.49,13194.0996
554,2012-03-15,105.19,13252.7598
555,2012-03-16,107.03,13232.6201
556,2012-03-19,108.09,13239.1299
557,2012-03-20,105.68,13170.1904
558,2012-03-21,106.87,13124.6201
559,2012-03-22,104.98,13046.1396
560,2012-03-23,106.43,13080.7305
561,2012-03-26,107.07,13241.6299
562,2012-03-27,107.32,13197.7305
563,2012-03-28,105.4,13126.21
564,2012-03-29,102.79,13145.8203
565,2012-03-30,103.03,13212.04
566,2012-04-02,105.25,13264.4902
567,2012-04-03,104.02,13199.5498
568,2012-04-04,101.53,13074.75
569,2012-04-05,103.29,13060.1396
570,2012-04-09,102.45,12929.5898
571,2012-04-10,101.12,12715.9297
572,2012-04-11,102.66,12805.3896
573,2012-04-12,103.69,12986.5801
574,2012-04-13,102.84,12849.5898
575,2012-04-16,102.92,12921.4102
576,2012-04-17,104.23,13115.54
577,2012-04-18,102.65,13032.75
578,2012-04-19,102.38,12964.0996
579,2012-04-20,103.58,13029.2598
580,2012-04-23,102.68,12927.1699
581,2012-04-24,103.1,13001.5596
582,2012-04-25,103.72,13090.7197
583,2012-04-26,104.56,13204.6201
584,2012-04-27,104.86,13228.3096
585,2012-04-30,104.89,13213.6299
586,2012-05-01,106.17,13279.3203
587,2012-05-02,105.25,13268.5703
588,2012-05-03,102.56,13206.5898
589,2012-05-04,98.49,13038.2695
590,2012-05-07,97.86,13008.5303
591,2012-05-08,97.13,12932.0898
592,2012-05-09,96.8,12835.0596
593,2012-05-10,97.1,12855.04
594,2012-05-11,96.03,12820.5996
595,2012-05-14,94.75,12695.3496
596,2012-05-15,93.97,12632.0
597,2012-05-16,92.78,12598.5498
598,2012-05-17,92.53,12442.4902
599,2012-05-18,91.51,12369.3799
600,2012-05-21,92.57,12504.4805
601,2012-05-22,91.44,12502.8096
602,2012-05-23,89.4,12496.1504
603,2012-05-24,90.36,12529.75
604,2012-05-25,90.64,12454.8301
605,2012-05-29,90.75,12580.6904
606,2012-05-30,87.79,12419.8604
607,2012-05-31,86.52,12393.4502
608,2012-06-01,83.17,12118.5703
609,2012-06-04,83.95,12101.46
610,2012-06-05,84.31,12127.9502
611,2012-06-06,85.05,12414.79
612,2012-06-07,84.78,12460.96
613,2012-06-08,84.08,12554.2002
614,2012-06-11,82.58,12411.2305
615,2012-06-12,83.35,12573.7998
616,2012-06-13,82.56,12496.3799
617,2012-06-14,83.83,12651.9102
618,2012-06-15,84.03,12767.1699
619,2012-06-18,83.26,12741.8203
620,2012-06-19,83.99,12837.3301
621,2012-06-20,81.06,12824.3896
622,2012-06-21,77.91,12573.5703
623,2012-06-22,79.33,12640.7803
624,2012-06-25,78.76,12502.6602
625,2012-06-26,79.34,12534.6699
626,2012-06-27,80.27,12627.0098
627,2012-06-28,77.72,12602.2598
628,2012-06-29,85.04,12880.0898
629,2012-07-02,83.72,12871.3896
630,2012-07-03,87.74,12943.6602
631,2012-07-05,87.11,12896.6699
632,2012-07-06,84.37,12772.4697
633,2012-07-09,85.93,12736.29
634,2012-07-10,83.92,12653.1201
635,2012-07-11,85.88,12604.5303
636,2012-07-12,86.02,12573.2695
637,2012-07-13,87.15,12777.0898
638,2012-07-16,88.41,12727.21
639,2012-07-17,89.07,12805.54
640,2012-07-18,89.88,12908.7002
641,2012-07-19,92.78,12943.3604
642,2012-07-20,91.56,12822.5703
643,2012-07-23,87.77,12721.46
644,2012-07-24,88.28,12617.3203
645,2012-07-25,88.8,12676.0498
646,2012-07-26,89.4,12887.9297
647,2012-07-27,90.13,13075.6602
648,2012-07-30,89.8,13073.0098
649,2012-07-31,88.08,13008.6797
650,2012-08-01,88.99,12976.1299
651,2012-08-02,87.22,12878.8799
652,2012-08-03,91.4,13096.1699
653,2012-08-06,92.3,13117.5098
654,2012-08-07,93.68,13168.5996
655,2012-08-08,93.39,13175.6396
656,2012-08-09,93.39,13165.1904
657,2012-08-10,92.94,13207.9502
658,2012-08-13,92.76,13169.4297
659,2012-08-14,93.4,13172.1396
660,2012-08-15,94.35,13164.7803
661,2012-08-16,95.66,13250.1104
662,2012-08-17,96.0,13275.2002
663,2012-08-20,96.03,13271.6396
664,2012-08-21,96.55,13203.5801
665,2012-08-22,96.89,13172.7598
666,2012-08-23,95.87,13057.46
667,2012-08-24,95.78,13157.9697
668,2012-08-27,95.54,13124.6699
669,2012-08-28,96.3,13102.9902
670,2012-08-29,95.5,13107.4805
671,2012-08-30,94.61,13000.71
672,2012-08-31,96.47,13090.8398
673,2012-09-04,95.34,13035.9404
674,2012-09-05,95.37,13047.4805
675,2012-09-06,95.58,13292.0
676,2012-09-07,96.41,13306.6396
677,2012-09-10,96.52,13254.29
678,2012-09-11,97.03,13323.3604
679,2012-09-12,97.02,13333.3496
680,2012-09-13,98.3,13539.8604
681,2012-09-14,98.94,13593.3701
682,2012-09-17,96.51,13553.0996
683,2012-09-18,95.25,13564.6396
684,2012-09-19,91.97,13577.96
685,2012-09-20,92.14,13596.9297
686,2012-09-21,92.64,13579.4697
687,2012-09-24,91.68,13558.9199
688,2012-09-25,91.07,13457.5498
689,2012-09-26,89.92,13413.5098
690,2012-09-27,91.89,13485.9697
691,2012-09-28,92.18,13437.1299
692,2012-10-01,92.44,13515.1104
693,2012-10-02,91.88,13482.3604
694,2012-10-03,88.19,13494.6104
695,2012-10-04,91.69,13575.3604
696,2012-10-05,89.87,13610.1504
697,2012-10-08,89.43,13583.6504
698,2012-10-09,92.42,13473.5303
699,2012-10-10,91.24,13344.9697
700,2012-10-11,92.19,13326.3896
701,2012-10-12,91.83,13328.8496
702,2012-10-15,91.84,13424.2305
703,2012-10-16,92.07,13551.7803
704,2012-10-17,92.04,13557.0
705,2012-10-18,92.0,13548.9404
706,2012-10-19,90.0,13343.5098
707,2012-10-22,88.3,13345.8896
708,2012-10-23,86.65,13102.5303
709,2012-10-24,85.39,13077.3398
710,2012-10-25,85.59,13103.6797
711,2012-10-26,85.84,13107.21
712,2012-10-31,86.23,13096.46
713,2012-11-01,87.05,13232.6201
714,2012-11-02,84.9,13093.1602
715,2012-11-05,85.64,13112.4404
716,2012-11-06,88.62,13245.6797
717,2012-11-07,84.5,12932.7305
718,2012-11-08,85.07,12811.3203
719,2012-11-09,86.08,12815.3896
720,2012-11-12,85.56,12815.0801
721,2012-11-13,85.38,12756.1797
722,2012-11-14,86.32,12570.9502
723,2012-11-15,85.45,12542.3799
724,2012-11-16,86.62,12588.3096
725,2012-11-19,89.05,12795.96
726,2012-11-20,86.46,12788.5098
727,2012-11-21,87.08,12836.8896
728,2012-11-23,87.01,13009.5303
729,2012-11-26,87.28,12967.3701
730,2012-11-27,86.81,12878.1299
731,2012-11-28,86.1,12985.1104
732,2012-11-29,87.64,13021.8203
733,2012-11-30,88.54,13025.5801
734,2012-12-03,88.69,12965.5996
735,2012-12-04,88.04,12951.7803
736,2012-12-05,87.36,13034.4902
737,2012-12-06,85.47,13074.04
738,2012-12-07,85.45,13155.1299
739,2012-12-10,85.14,13169.8799
740,2012-12-11,85.36,13248.4404
741,2012-12-12,86.35,13245.4502
742,2012-12-13,85.39,13170.7197
743,2012-12-14,86.32,13135.0098
744,2012-12-17,86.71,13235.3896
745,2012-12-18,87.46,13350.96
746,2012-12-19,89.09,13251.9697
747,2012-12-20,89.76,13311.7197
748,2012-12-21,88.2,13190.8398
749,2012-12-24,88.29,13138.9297
750,2012-12-26,90.71,13114.5898
751,2012-12-27,90.91,13096.3096
752,2012-12-28,90.66,12938.1104
753,2012-12-31,91.83,13104.1396
754,2013-01-02,93.14,13412.5498
755,2013-01-03,92.97,13391.3604
756,2013-01-04,93.12,13435.21
757,2013-01-07,93.2,13384.29
758,2013-01-08,93.21,13328.8496
759,2013-01-09,93.08,13390.5098
760,2013-01-10,93.81,13471.2197
761,2013-01-11,93.6,13488.4297
762,2013-01-14,94.27,13507.3203
763,2013-01-15,93.26,13534.8896
764,2013-01-16,94.28,13511.2305
765,2013-01-17,95.49,13596.0195
766,2013-01-18,95.61,13649.7002
767,2013-01-22,96.09,13712.21
768,2013-01-23,95.06,13779.3301
769,2013-01-24,95.35,13825.3301
770,2013-01-25,95.15,13895.9805
771,2013-01-28,95.95,13881.9297
772,2013-01-29,97.62,13954.4199
773,2013-01-30,97.98,13910.4199
774,2013-01-31,97.65,13860.5801
775,2013-02-01,97.46,14009.79
776,2013-02-04,96.21,13880.0801
777,2013-02-05,96.68,13979.2998
778,2013-02-06,96.44,13986.5195
779,2013-02-07,95.84,13944.0498
780,2013-02-08,95.71,13992.9697
781,2013-02-11,97.01,13971.2402
782,2013-02-12,97.48,14018.7002
783,2013-02-13,97.03,13982.9102
784,2013-02-14,97.3,13973.3896
785,2013-02-15,95.95,13981.7598
786,2013-02-19,96.69,14035.6699
787,2013-02-20,94.92,13927.54
788,2013-02-21,92.79,13880.6201
789,2013-02-22,93.12,14000.5703
790,2013-02-25,92.74,13784.1699
791,2013-02-26,92.63,13900.1299
792,2013-02-27,92.84,14075.3701
793,2013-02-28,92.03,14054.4902
794,2013-03-01,90.71,14089.6602
795,2013-03-04,90.13,14127.8203
796,2013-03-05,90.88,14253.7695
797,2013-03-06,90.47,14296.2402
798,2013-03-07,91.53,14329.4902
799,2013-03-08,92.01,14397.0703
800,2013-03-11,92.07,14447.29
801,2013-03-12,92.44,14450.0596
802,2013-03-13,92.47,14455.2803
803,2013-03-14,93.03,14539.1396
804,2013-03-15,93.49,14514.1104
805,2013-03-18,93.71,14452.0596
806,2013-03-19,92.44,14455.8203
807,2013-03-20,93.21,14511.7305
808,2013-03-21,92.46,14421.4902
809,2013-03-22,93.41,14512.0303
810,2013-03-25,94.55,14447.75
811,2013-03-26,95.99,14559.6504
812,2013-03-27,96.53,14526.1602
813,2013-03-28,97.24,14578.54
814,2013-04-01,97.1,14572.8496
815,2013-04-02,97.23,14662.0098
816,2013-04-03,95.02,14550.3496
817,2013-04-04,93.26,14606.1104
818,2013-04-05,92.76,14565.25
819,2013-04-08,93.36,14613.4805
820,2013-04-09,94.18,14673.46
821,2013-04-10,94.59,14802.2402
822,2013-04-11,93.44,14865.1396
823,2013-04-12,91.23,14865.0596
824,2013-04-15,88.75,14599.2002
825,2013-04-16,88.73,14756.7803
826,2013-04-17,86.65,14618.5898
827,2013-04-18,87.83,14537.1396
828,2013-04-19,88.04,14547.5098
829,2013-04-22,88.81,14567.1699
830,2013-04-23,89.21,14719.46
831,2013-04-24,91.07,14676.2998
832,2013-04-25,93.27,14700.7998
833,2013-04-26,92.63,14712.5498
834,2013-04-29,94.09,14818.75
835,2013-04-30,93.22,14839.7998
836,2013-05-01,90.74,14700.9502
837,2013-05-02,93.7,14831.5801
838,2013-05-03,95.25,14973.96
839,2013-05-06,95.8,14968.8896
840,2013-05-07,95.28,15056.2002
841,2013-05-08,96.24,15105.1201
842,2013-05-09,96.09,15082.6201
843,2013-05-10,95.81,15118.4902
844,2013-05-13,94.76,15091.6797
845,2013-05-14,93.96,15215.25
846,2013-05-15,93.95,15275.6904
847,2013-05-16,94.85,15233.2197
848,2013-05-17,95.72,15354.4004
849,2013-05-20,96.29,15335.2803
850,2013-05-21,95.55,15387.5801
851,2013-05-22,93.98,15307.1699
852,2013-05-23,94.12,15294.5
853,2013-05-24,93.84,15303.0996
854,2013-05-28,94.65,15409.3896
855,2013-05-29,93.13,15302.7998
856,2013-05-30,93.57,15324.5303
857,2013-05-31,91.93,15115.5703
858,2013-06-03,93.41,15254.0303
859,2013-06-04,93.36,15177.54
860,2013-06-05,93.66,14960.5898
861,2013-06-06,94.71,15040.6201
862,2013-06-07,96.11,15248.1201
863,2013-06-10,95.82,15238.5898
864,2013-06-11,95.5,15122.0195
865,2013-06-12,95.98,14995.2305
866,2013-06-13,96.66,15176.0801
867,2013-06-14,97.83,15070.1797
868,2013-06-17,97.86,15179.8496
869,2013-06-18,98.46,15318.2305
870,2013-06-19,98.24,15112.1904
871,2013-06-20,94.89,14758.3203
872,2013-06-21,93.81,14799.4004
873,2013-06-24,95.07,14659.5596
874,2013-06-25,95.25,14760.3096
875,2013-06-26,95.47,14910.1396
876,2013-06-27,97.0,15024.4902
877,2013-06-28,96.36,14909.5996
878,2013-07-01,97.94,14974.96
879,2013-07-02,99.65,14932.4102
880,2013-07-03,101.92,14988.3701
881,2013-07-05,103.09,15135.8398
882,2013-07-08,103.03,15224.6904
883,2013-07-09,103.46,15300.3398
884,2013-07-10,106.41,15291.6602
885,2013-07-11,104.77,15460.9199
886,2013-07-12,105.85,15464.2998
887,2013-07-15,106.2,15484.2598
888,2013-07-16,105.88,15451.8496
889,2013-07-17,106.39,15470.5195
890,2013-07-18,107.94,15548.54
891,2013-07-19,108.0,15543.7402
892,2013-07-22,106.61,15545.5498
893,2013-07-23,107.13,15567.7402
894,2013-07-24,105.41,15542.2402
895,2013-07-25,105.47,15555.6104
896,2013-07-26,104.76,15558.8301
897,2013-07-29,104.61,15521.9697
898,2013-07-30,103.14,15520.5898
899,2013-07-31,105.1,15499.54
900,2013-08-01,107.93,15628.0195
901,2013-08-02,106.94,15658.3604
902,2013-08-05,106.61,15612.1299
903,2013-08-06,105.32,15518.7402
904,2013-08-07,104.41,15470.6699
905,2013-08-08,103.45,15498.3203
906,2013-08-09,106.04,15425.5098
907,2013-08-12,106.19,15419.6797
908,2013-08-13,106.78,15451.0098
909,2013-08-14,106.89,15337.6602
910,2013-08-15,107.43,15112.1904
911,2013-08-16,107.58,15081.4697
912,2013-08-19,107.14,15010.7402
913,2013-08-20,104.9,15002.9902
914,2013-08-21,103.93,14897.5498
915,2013-08-22,104.93,14963.7402
916,2013-08-23,106.48,15010.5098
917,2013-08-26,105.88,14946.46
918,2013-08-27,109.11,14776.1299
919,2013-08-28,110.17,14824.5098
920,2013-08-29,108.51,14840.9502
921,2013-08-30,107.98,14810.3096
922,2013-09-03,108.67,14833.96
923,2013-09-04,107.29,14930.8701
924,2013-09-05,108.5,14937.4805
925,2013-09-06,110.62,14922.5
926,2013-09-09,109.62,15063.1201
927,2013-09-10,107.48,15191.0596
928,2013-09-11,107.65,15326.5996
929,2013-09-12,108.72,15300.6396
930,2013-09-13,108.31,15376.0596
931,2013-09-16,106.54,15494.7803
932,2013-09-17,105.36,15529.7305
933,2013-09-18,108.23,15676.9404
934,2013-09-19,106.26,15636.5498
935,2013-09-20,104.7,15451.0898
936,2013-09-23,103.62,15401.3799
937,2013-09-24,103.22,15334.5898
938,2013-09-25,102.68,15273.2598
939,2013-09-26,103.1,15328.2998
940,2013-09-27,102.86,15258.2402
941,2013-09-30,102.36,15129.6699
942,2013-10-01,102.09,15191.7002
943,2013-10-02,104.15,15133.1396
944,2013-10-03,103.29,14996.4805
945,2013-10-04,103.83,15072.5801
946,2013-10-07,103.07,14936.2402
947,2013-10-08,103.54,14776.5303
948,2013-10-09,101.63,14802.9805
949,2013-10-10,103.08,15126.0703
950,2013-10-11,102.17,15237.1104
951,2013-10-14,102.46,15301.2598
952,2013-10-15,101.15,15168.0098
953,2013-10-16,102.34,15373.8301
954,2013-10-17,100.72,15371.6504
955,2013-10-18,100.87,15399.6504
956,2013-10-21,99.28,15392.2002
957,2013-10-22,97.63,15467.6602
958,2013-10-23,96.9,15413.3301
959,2013-10-24,96.65,15509.21
960,2013-10-25,97.4,15570.2803
961,2013-10-28,98.74,15568.9297
962,2013-10-29,98.29,15680.3496
963,2013-10-30,96.81,15618.7598
964,2013-10-31,96.29,15545.75
965,2013-11-01,94.56,15615.5498
966,2013-11-04,94.58,15639.1201
967,2013-11-05,93.4,15618.2197
968,2013-11-06,94.74,15746.8799
969,2013-11-07,94.25,15593.9805
970,2013-11-08,94.56,15761.7803
971,2013-11-11,95.13,15783.0996
972,2013-11-12,93.12,15750.6699
973,2013-11-13,93.91,15821.6299
974,2013-11-14,93.76,15876.2197
975,2013-11-15,93.8,15961.7002
976,2013-11-18,93.03,15976.0195
977,2013-11-19,93.35,15967.0303
978,2013-11-20,93.34,15900.8203
979,2013-11-21,95.35,16009.9902
980,2013-11-22,94.53,16064.7695
981,2013-11-25,93.86,16072.54
982,2013-11-26,93.41,16072.7998
983,2013-11-27,92.05,16097.3301
984,2013-11-29,92.55,16086.4102
985,2013-12-02,93.61,16008.7695
986,2013-12-03,95.83,15914.6201
987,2013-12-04,96.97,15889.7695
988,2013-12-05,97.14,15821.5098
989,2013-12-06,97.48,16020.2002
990,2013-12-09,97.1,16025.5303
991,2013-12-10,98.32,15973.1299
992,2013-12-11,97.25,15843.5303
993,2013-12-12,97.21,15739.4297
994,2013-12-13,96.27,15755.3604
995,2013-12-16,97.18,15884.5703
996,2013-12-17,96.99,15875.2598
997,2013-12-18,97.59,16167.9697
998,2013-12-19,98.4,16179.0801
999,2013-12-20,99.11,16221.1396
1000,2013-12-23,98.62,16294.6104
1001,2013-12-24,98.87,16357.5498
1002,2013-12-26,99.18,16479.8809
1003,2013-12-27,99.94,16478.4102
1004,2013-12-30,98.9,16504.2891
1005,2013-12-31,98.17,16576.6602
1006,2014-01-02,95.14,16441.3496
1007,2014-01-03,93.66,16469.9902
1008,2014-01-06,93.12,16425.0996
1009,2014-01-07,93.31,16530.9395
1010,2014-01-08,91.9,16462.7402
1011,2014-01-09,91.36,16444.7598
1012,2014-01-10,92.39,16437.0508
1013,2014-01-13,91.45,16257.9404
1014,2014-01-14,92.15,16373.8604
1015,2014-01-15,93.78,16481.9395
1016,2014-01-16,93.54,16417.0098
1017,2014-01-17,93.96,16458.5605
1018,2014-01-21,94.51,16414.4395
1019,2014-01-22,96.35,16373.3398
1020,2014-01-23,97.23,16197.3496
1021,2014-01-24,96.66,15879.1104
1022,2014-01-27,95.82,15837.8799
1023,2014-01-28,97.49,15928.5596
1024,2014-01-29,97.34,15738.79
1025,2014-01-30,98.25,15848.6104
1026,2014-01-31,97.55,15698.8496
1027,2014-02-03,96.44,15372.7998
1028,2014-02-04,97.24,15445.2402
1029,2014-02-05,97.4,15440.2305
1030,2014-02-06,97.84,15628.5303
1031,2014-02-07,99.98,15794.0801
1032,2014-02-10,100.12,15801.79
1033,2014-02-11,99.96,15994.7695
1034,2014-02-12,100.38,15963.9404
1035,2014-02-13,100.27,16027.5898
1036,2014-02-14,100.31,16154.3896
1037,2014-02-18,102.54,16130.4004
1038,2014-02-19,103.46,16040.5596
1039,2014-02-20,103.2,16133.2305
1040,2014-02-21,102.53,16103.2998
1041,2014-02-24,103.17,16207.1396
1042,2014-02-25,102.2,16179.6602
1043,2014-02-26,102.93,16198.4102
1044,2014-02-27,102.68,16272.6504
1045,2014-02-28,102.88,16321.71
1046,2014-03-03,105.34,16168.0303
1047,2014-03-04,103.64,16395.8809
1048,2014-03-05,101.75,16360.1797
1049,2014-03-06,101.82,16421.8906
1050,2014-03-07,102.82,16452.7207
1051,2014-03-10,101.39,16418.6797
1052,2014-03-11,100.29,16351.25
1053,2014-03-12,98.29,16340.0801
1054,2014-03-13,98.57,16108.8896
1055,2014-03-14,99.23,16065.6699
1056,2014-03-17,98.43,16247.2197
1057,2014-03-18,100.08,16336.1904
1058,2014-03-19,100.71,16222.1699
1059,2014-03-20,99.68,16331.0498
1060,2014-03-21,99.97,16302.7695
1061,2014-03-24,100.05,16276.6904
1062,2014-03-25,99.66,16367.8799
1063,2014-03-26,100.61,16268.9902
1064,2014-03-27,101.25,16264.2305
1065,2014-03-28,101.73,16323.0596
1066,2014-03-31,101.57,16457.6602
1067,2014-04-01,99.69,16532.6094
1068,2014-04-02,99.6,16573.0
1069,2014-04-03,100.29,16572.5508
1070,2014-04-04,101.16,16412.7109
1071,2014-04-07,100.43,16245.8701
1072,2014-04-08,102.57,16256.1396
1073,2014-04-09,103.55,16437.1797
1074,2014-04-10,103.37,16170.2197
1075,2014-04-11,103.68,16026.75
1076,2014-04-14,104.05,16173.2402
1077,2014-04-15,103.7,16262.5596
1078,2014-04-16,103.71,16424.8496
1079,2014-04-17,104.33,16408.5391
1080,2014-04-21,104.35,16449.25
1081,2014-04-22,101.69,16514.3691
1082,2014-04-23,101.47,16501.6504
1083,2014-04-24,102.2,16501.6504
1084,2014-04-25,100.85,16361.46
1085,2014-04-28,101.13,16448.7402
1086,2014-04-29,101.56,16535.3691
1087,2014-04-30,100.07,16580.8398
1088,2014-05-01,99.69,16558.8691
1089,2014-05-02,100.09,16512.8906
1090,2014-05-05,99.74,16530.5508
1091,2014-05-06,99.81,16401.0195
1092,2014-05-07,101.06,16518.5391
1093,2014-05-08,100.52,16550.9707
1094,2014-05-09,100.32,16583.3398
1095,2014-05-12,100.89,16695.4707
1096,2014-05-13,102.01,16715.4395
1097,2014-05-14,102.63,16613.9707
1098,2014-05-15,101.74,16446.8105
1099,2014-05-16,102.31,16491.3105
1100,2014-05-19,102.95,16511.8594
1101,2014-05-20,102.8,16374.3096
1102,2014-05-21,104.31,16533.0605
1103,2014-05-22,104.03,16543.0801
1104,2014-05-23,105.01,16606.2695
1105,2014-05-27,104.78,16675.5
1106,2014-05-28,103.37,16633.1797
1107,2014-05-29,104.26,16698.7402
1108,2014-05-30,103.4,16717.1699
1109,2014-06-02,103.07,16743.6309
1110,2014-06-03,103.34,16722.3398
1111,2014-06-04,103.27,16737.5293
1112,2014-06-05,103.17,16836.1094
1113,2014-06-06,103.32,16924.2793
1114,2014-06-09,105.09,16943.0996
1115,2014-06-10,105.02,16945.9199
1116,2014-06-11,105.04,16843.8809
1117,2014-06-12,107.2,16734.1895
1118,2014-06-13,107.49,16775.7402
1119,2014-06-16,107.52,16781.0098
1120,2014-06-17,106.95,16808.4902
1121,2014-06-18,106.64,16906.6191
1122,2014-06-19,107.08,16921.4609
1123,2014-06-20,107.95,16947.0801
1124,2014-06-23,106.83,16937.2598
1125,2014-06-24,106.64,16818.1309
1126,2014-06-25,107.04,16867.5098
1127,2014-06-26,106.49,16846.1309
1128,2014-06-27,106.46,16851.8398
1129,2014-06-30,106.07,16826.5996
1130,2014-07-01,106.06,16956.0703
1131,2014-07-02,105.18,16976.2402
1132,2014-07-03,104.76,17068.2598
1133,2014-07-07,104.19,17024.2109
1134,2014-07-08,104.06,16906.6191
1135,2014-07-09,102.93,16985.6094
1136,2014-07-10,103.61,16915.0703
1137,2014-07-11,101.48,16943.8105
1138,2014-07-14,101.73,17055.4199
1139,2014-07-15,100.56,17060.6797
1140,2014-07-16,101.88,17138.1992
1141,2014-07-17,103.84,16976.8105
1142,2014-07-18,103.83,17100.1797
1143,2014-07-21,105.34,17051.7305
1144,2014-07-22,104.59,17113.5391
1145,2014-07-23,103.81,17086.6309
1146,2014-07-24,102.76,17083.8008
1147,2014-07-25,105.23,16960.5703
1148,2014-07-28,105.68,16982.5898
1149,2014-07-29,104.91,16912.1094
1150,2014-07-30,104.29,16880.3594
1151,2014-07-31,98.23,16563.3008
1152,2014-08-01,97.86,16493.3691
1153,2014-08-04,98.26,16569.2793
1154,2014-08-05,97.34,16429.4707
1155,2014-08-06,96.93,16443.3398
1156,2014-08-07,97.34,16368.2695
1157,2014-08-08,97.61,16553.9297
1158,2014-08-11,98.09,16569.9805
1159,2014-08-12,97.36,16560.5391
1160,2014-08-13,97.57,16651.8008
1161,2014-08-14,95.54,16713.5801
1162,2014-08-15,97.3,16662.9102
1163,2014-08-18,96.44,16838.7402
1164,2014-08-19,94.35,16919.5898
1165,2014-08-20,96.4,16979.1309
1166,2014-08-21,93.97,17039.4902
1167,2014-08-22,93.61,17001.2207
1168,2014-08-25,95.39,17076.8691
1169,2014-08-26,95.78,17106.6992
1170,2014-08-27,95.82,17122.0098
1171,2014-08-28,96.44,17079.5703
1172,2014-08-29,97.86,17098.4492
1173,2014-09-02,92.92,17067.5605
1174,2014-09-03,95.5,17078.2793
1175,2014-09-04,94.51,17069.5801
1176,2014-09-05,93.32,17137.3594
1177,2014-09-08,92.64,17111.4199
1178,2014-09-09,92.73,17013.8691
1179,2014-09-10,91.71,17068.7109
1180,2014-09-11,92.89,17049.0
1181,2014-09-12,92.18,16987.5098
1182,2014-09-15,92.86,17031.1406
1183,2014-09-16,94.91,17131.9707
1184,2014-09-17,94.33,17156.8496
1185,2014-09-18,93.07,17265.9902
1186,2014-09-19,92.43,17279.7402
1187,2014-09-22,91.46,17172.6797
1188,2014-09-23,91.55,17055.8691
1189,2014-09-24,93.6,17210.0605
1190,2014-09-25,93.59,16945.8008
1191,2014-09-26,95.55,17113.1504
1192,2014-09-29,94.53,17071.2207
1193,2014-09-30,91.17,17042.9004
1194,2014-10-01,90.74,16804.7109
1195,2014-10-02,91.02,16801.0508
1196,2014-10-03,89.76,17009.6895
1197,2014-10-06,90.33,16991.9102
1198,2014-10-07,88.89,16719.3906
1199,2014-10-08,87.29,16994.2207
1200,2014-10-09,85.76,16659.25
1201,2014-10-10,85.87,16544.0996
1202,2014-10-13,85.73,16321.0703
1203,2014-10-14,81.72,16315.1904
1204,2014-10-15,81.82,16141.7402
1205,2014-10-16,82.33,16117.2402
1206,2014-10-17,82.8,16380.4102
1207,2014-10-20,82.76,16399.6699
1208,2014-10-21,83.25,16614.8105
1209,2014-10-22,80.52,16461.3203
1210,2014-10-23,82.81,16677.9004
1211,2014-10-24,81.27,16805.4102
1212,2014-10-27,81.26,16817.9395
1213,2014-10-28,81.36,17005.75
1214,2014-10-29,82.25,16974.3105
1215,2014-10-30,81.06,17195.4199
1216,2014-10-31,80.53,17390.5195
1217,2014-11-03,78.77,17366.2402
1218,2014-11-04,77.15,17383.8398
1219,2014-11-05,78.71,17484.5293
1220,2014-11-06,77.87,17554.4707
1221,2014-11-07,78.71,17573.9297
1222,2014-11-10,77.43,17613.7402
1223,2014-11-11,77.85,17614.9004
1224,2014-11-12,77.16,17612.1992
1225,2014-11-13,74.13,17652.7891
1226,2014-11-14,75.91,17634.7402
1227,2014-11-17,75.64,17647.75
1228,2014-11-18,74.55,17687.8203
1229,2014-11-19,74.55,17685.7305
1230,2014-11-20,75.63,17719.0
1231,2014-11-21,76.52,17810.0605
1232,2014-11-24,75.74,17817.9004
1233,2014-11-25,74.04,17814.9395
1234,2014-11-26,73.7,17827.75
1235,2014-11-28,65.94,17828.2402
1236,2014-12-01,68.98,17776.8008
1237,2014-12-02,66.99,17879.5508
1238,2014-12-03,67.3,17912.6191
1239,2014-12-04,66.73,17900.0996
1240,2014-12-05,65.89,17958.7891
1241,2014-12-08,63.13,17852.4805
1242,2014-12-09,63.74,17801.1992
1243,2014-12-10,60.99,17533.1504
1244,2014-12-11,60.01,17596.3398
1245,2014-12-12,57.81,17280.8301
1246,2014-12-15,55.96,17180.8398
1247,2014-12-16,55.97,17068.8691
1248,2014-12-17,56.43,17356.8691
1249,2014-12-18,54.18,17778.1504
1250,2014-12-19,56.91,17804.8008
1251,2014-12-22,55.25,17959.4395
1252,2014-12-23,56.78,18024.1699
1253,2014-12-24,55.7,18030.2109
1254,2014-12-26,54.59,18053.7109
1255,2014-12-29,53.46,18038.2305
1256,2014-12-30,54.14,17983.0703
1257,2014-12-31,53.45,17823.0703
1258,2015-01-02,52.72,17832.9902
1259,2015-01-05,50.05,17501.6504
1260,2015-01-06,47.98,17371.6406
1261,2015-01-07,48.69,17584.5195
1262,2015-01-08,48.8,17907.8691
1263,2015-01-09,48.35,17737.3691
1264,2015-01-12,46.06,17640.8398
1265,2015-01-13,45.92,17613.6797
1266,2015-01-14,48.49,17427.0898
1267,2015-01-15,46.37,17320.7109
1268,2015-01-16,48.49,17511.5703
1269,2015-01-20,46.79,17515.2305
1270,2015-01-21,47.85,17554.2793
1271,2015-01-22,45.93,17813.9805
1272,2015-01-23,45.26,17672.5996
1273,2015-01-26,44.8,17678.6992
1274,2015-01-27,45.84,17387.2109
1275,2015-01-28,44.08,17191.3691
1276,2015-01-29,44.12,17416.8496
1277,2015-01-30,47.79,17164.9492
1278,2015-02-02,49.25,17361.0391
1279,2015-02-03,53.04,17666.4004
1280,2015-02-04,48.45,17673.0195
1281,2015-02-05,50.48,17884.8809
1282,2015-02-06,51.66,17824.2891
1283,2015-02-09,52.99,17729.2109
1284,2015-02-10,50.06,17868.7598
1285,2015-02-11,48.8,17862.1406
1286,2015-02-12,51.17,17972.3809
1287,2015-02-13,52.66,18019.3496
1288,2015-02-17,53.56,18047.5801
1289,2015-02-18,52.13,18029.8496
1290,2015-02-19,51.12,17985.7695
1291,2015-02-20,49.95,18140.4395
1292,2015-02-23,49.56,18116.8398
1293,2015-02-24,48.48,18209.1895
1294,2015-02-25,50.25,18224.5703
1295,2015-02-26,47.65,18214.4199
1296,2015-02-27,49.84,18132.6992
1297,2015-03-02,49.59,18288.6309
1298,2015-03-03,50.43,18203.3691
1299,2015-03-04,51.53,18096.9004
1300,2015-03-05,50.76,18135.7207
1301,2015-03-06,49.61,17856.7793
1302,2015-03-09,49.95,17995.7207
1303,2015-03-10,48.42,17662.9395
1304,2015-03-11,48.06,17635.3906
1305,2015-03-12,47.12,17895.2207
1306,2015-03-13,44.88,17749.3105
1307,2015-03-16,43.93,17977.4199
1308,2015-03-17,43.39,17849.0801
1309,2015-03-18,44.63,18076.1895
1310,2015-03-19,44.02,17959.0293
1311,2015-03-20,46.0,18127.6504
1312,2015-03-23,47.4,18116.0391
1313,2015-03-24,47.03,18011.1406
1314,2015-03-25,48.75,17718.5391
1315,2015-03-26,51.41,17678.2305
1316,2015-03-27,48.83,17712.6602
1317,2015-03-30,48.66,17976.3105
1318,2015-03-31,47.72,17776.1191
1319,2015-04-01,50.12,17698.1797
1320,2015-04-02,49.13,17763.2402
1321,2015-04-06,52.08,17880.8496
1322,2015-04-07,53.95,17875.4199
1323,2015-04-08,50.44,17902.5098
1324,2015-04-09,50.79,17958.7305
1325,2015-04-10,51.63,18057.6504
1326,2015-04-13,51.95,17977.0391
1327,2015-04-14,53.3,18036.6992
1328,2015-04-15,56.25,18112.6094
1329,2015-04-16,56.69,18105.7695
1330,2015-04-17,55.71,17826.3008
1331,2015-04-20,56.37,18034.9297
1332,2015-04-21,55.58,17949.5898
1333,2015-04-22,56.17,18038.2695
1334,2015-04-23,56.59,18058.6895
1335,2015-04-24,55.98,18080.1406
1336,2015-04-27,55.56,18037.9707
1337,2015-04-28,57.05,18110.1406
1338,2015-04-29,58.55,18035.5293
1339,2015-04-30,59.62,17840.5195
1340,2015-05-01,59.1,18024.0605
1341,2015-05-04,58.92,18070.4004
1342,2015-05-05,60.38,17928.1992
1343,2015-05-06,60.93,17841.9805
1344,2015-05-07,58.99,17924.0605
1345,2015-05-08,59.41,18191.1094
1346,2015-05-11,59.23,18105.1699
1347,2015-05-12,60.72,18068.2305
1348,2015-05-13,60.5,18060.4902
1349,2015-05-14,59.89,18252.2402
1350,2015-05-15,59.73,18272.5605
1351,2015-05-18,59.44,18298.8809
1352,2015-05-19,57.3,18312.3906
1353,2015-05-20,58.96,18285.4004
1354,2015-05-21,60.18,18285.7402
1355,2015-05-22,58.88,18232.0195
1356,2015-05-26,57.29,18041.5391
1357,2015-05-27,57.51,18162.9902
1358,2015-05-28,57.69,18126.1191
1359,2015-05-29,60.25,18010.6797
1360,2015-06-01,60.24,18040.3691
1361,2015-06-02,61.3,18011.9395
1362,2015-06-03,59.67,18076.2695
1363,2015-06-04,58.0,17905.5801
1364,2015-06-05,59.11,17849.4609
1365,2015-06-08,58.15,17766.5508
1366,2015-06-09,60.15,17764.0391
1367,2015-06-10,61.36,18000.4004
1368,2015-06-11,60.74,18039.3691
1369,2015-06-12,59.96,17898.8398
1370,2015-06-15,59.53,17791.1699
1371,2015-06-16,60.01,17904.4805
1372,2015-06-17,59.89,17935.7402
1373,2015-06-18,60.41,18115.8398
1374,2015-06-19,59.62,18015.9492
1375,2015-06-22,60.01,18119.7793
1376,2015-06-23,61.05,18144.0703
1377,2015-06-24,60.01,17966.0703
1378,2015-06-25,59.59,17890.3594
1379,2015-06-26,59.41,17946.6797
1380,2015-06-29,58.34,17596.3496
1381,2015-06-30,59.48,17619.5098
1382,2015-07-01,56.94,17757.9102
1383,2015-07-02,56.93,17730.1094
1384,2015-07-06,52.48,17683.5801
1385,2015-07-07,52.33,17776.9102
1386,2015-07-08,51.61,17515.4199
1387,2015-07-09,52.76,17548.6191
1388,2015-07-10,52.74,17760.4102
1389,2015-07-13,52.19,17977.6797
1390,2015-07-14,53.05,18053.5801
1391,2015-07-15,51.4,18050.1699
1392,2015-07-16,50.9,18120.25
1393,2015-07-17,50.88,18086.4492
1394,2015-07-20,50.11,18100.4102
1395,2015-07-21,50.59,17919.2891
1396,2015-07-22,49.27,17851.0391
1397,2015-07-23,48.11,17731.9199
1398,2015-07-24,47.98,17568.5293
1399,2015-07-27,47.17,17440.5898
1400,2015-07-28,47.97,17630.2695
1401,2015-07-29,48.77,17751.3906
1402,2015-07-30,48.53,17745.9805
1403,2015-07-31,47.11,17689.8594
1404,2015-08-03,45.25,17598.1992
1405,2015-08-04,45.75,17550.6895
1406,2015-08-05,45.13,17540.4707
1407,2015-08-06,44.69,17419.75
1408,2015-08-07,43.87,17373.3809
1409,2015-08-10,44.94,17615.1699
1410,2015-08-11,43.11,17402.8398
1411,2015-08-12,43.22,17402.5098
1412,2015-08-13,42.27,17408.25
1413,2015-08-14,42.45,17477.4004
1414,2015-08-17,41.93,17545.1797
1415,2015-08-18,42.58,17511.3398
1416,2015-08-19,40.75,17348.7305
1417,2015-08-20,41.0,16990.6895
1418,2015-08-21,40.45,16459.75
1419,2015-08-24,38.22,15871.3496
1420,2015-08-25,39.15,15666.4404
1421,2015-08-26,38.5,16285.5098
1422,2015-08-27,42.47,16654.7695
1423,2015-08-28,45.29,16643.0098
1424,2015-08-31,49.2,16528.03
1425,2015-09-01,45.38,16058.3496
1426,2015-09-02,46.3,16351.3799
1427,2015-09-03,46.75,16374.7598
1428,2015-09-04,46.02,16102.3799
1429,2015-09-08,45.92,16492.6797
1430,2015-09-09,44.13,16253.5703
1431,2015-09-10,45.85,16330.4004
1432,2015-09-11,44.75,16433.0898
1433,2015-09-14,44.07,16370.96
1434,2015-09-15,44.58,16599.8496
1435,2015-09-16,47.12,16739.9492
1436,2015-09-17,46.93,16674.7402
1437,2015-09-18,44.71,16384.5801
1438,2015-09-21,46.67,16510.1895
1439,2015-09-22,46.17,16330.4697
1440,2015-09-23,44.53,16279.8896
1441,2015-09-24,44.94,16201.3203
1442,2015-09-25,45.55,16314.6699
1443,2015-09-28,44.4,16001.8896
1444,2015-09-29,45.24,16049.1299
1445,2015-09-30,45.06,16284.7002
1446,2015-10-01,44.75,16272.0098
1447,2015-10-02,45.54,16472.3691
1448,2015-10-05,46.28,16776.4297
1449,2015-10-06,48.53,16790.1895
1450,2015-10-07,47.86,16912.2891
1451,2015-10-08,49.46,17050.75
1452,2015-10-09,49.67,17084.4902
1453,2015-10-12,47.09,17131.8594
1454,2015-10-13,46.7,17081.8906
1455,2015-10-14,46.63,16924.75
1456,2015-10-15,46.38,17141.75
1457,2015-10-16,47.3,17215.9707
1458,2015-10-19,45.91,17230.5391
1459,2015-10-20,45.84,17217.1094
1460,2015-10-21,45.22,17168.6094
1461,2015-10-22,44.9,17489.1602
1462,2015-10-23,43.91,17646.6992
1463,2015-10-26,43.19,17623.0508
1464,2015-10-27,43.21,17581.4297
1465,2015-10-28,45.93,17779.5195
1466,2015-10-29,46.02,17755.8008
1467,2015-10-30,46.6,17663.5391
1468,2015-11-02,46.12,17828.7598
1469,2015-11-03,47.88,17918.1504
1470,2015-11-04,46.32,17867.5801
1471,2015-11-05,45.27,17863.4297
1472,2015-11-06,44.32,17910.3301
1473,2015-11-09,43.87,17730.4805
1474,2015-11-10,44.23,17758.2109
1475,2015-11-11,42.95,17702.2207
1476,2015-11-12,41.74,17448.0703
1477,2015-11-13,40.69,17245.2402
1478,2015-11-16,41.68,17483.0098
1479,2015-11-17,40.73,17489.5
1480,2015-11-18,40.75,17737.1602
1481,2015-11-19,40.55,17732.75
1482,2015-11-20,39.39,17823.8105
1483,2015-11-23,39.27,17792.6797
1484,2015-11-24,40.89,17812.1895
1485,2015-11-25,41.22,17813.3906
1486,2015-11-27,40.57,17813.3906
1487,2015-11-30,40.43,17719.9199
1488,2015-12-01,40.58,17888.3496
1489,2015-12-02,39.93,17729.6797
1490,2015-12-03,41.08,17477.6699
1491,2015-12-04,40.0,17847.6309
1492,2015-12-07,37.64,17730.5098
1493,2015-12-08,37.46,17568.0
1494,2015-12-09,37.16,17492.3008
1495,2015-12-10,36.76,17574.75
1496,2015-12-11,35.65,17265.2109
1497,2015-12-14,36.31,17368.5
1498,2015-12-15,37.32,17524.9102
1499,2015-12-16,35.55,17749.0898
1500,2015-12-17,34.98,17495.8398
1501,2015-12-18,34.72,17128.5508
1502,2015-12-21,34.55,17251.6191
1503,2015-12-22,36.12,17417.2695
1504,2015-12-23,36.76,17602.6094
1505,2015-12-24,37.62,17552.1699
1506,2015-12-28,36.36,17528.2695
1507,2015-12-29,37.88,17720.9805
1508,2015-12-30,36.59,17603.8691
1509,2015-12-31,37.13,17425.0293
1510,2016-01-04,36.81,17148.9395
1511,2016-01-05,35.97,17158.6602
1512,2016-01-06,33.97,16906.5098
1513,2016-01-07,33.29,16514.0996
1514,2016-01-08,33.2,16346.4502
1515,2016-01-11,31.42,16398.5703
1516,2016-01-12,30.42,16516.2207
1517,2016-01-13,30.42,16151.4102
1518,2016-01-14,31.22,16379.0498
1519,2016-01-15,29.45,15988.0801
1520,2016-01-19,28.47,16016.0195
1521,2016-01-20,26.68,15766.7402
1522,2016-01-21,29.55,15882.6797
1523,2016-01-22,32.07,16093.5098
1524,2016-01-25,30.31,15885.2197
1525,2016-01-26,29.54,16167.2305
1526,2016-01-27,32.32,15944.46
1527,2016-01-28,33.21,16069.6396
1528,2016-01-29,33.66,16466.3008
1529,2016-02-01,31.62,16449.1797
1530,2016-02-02,29.9,16153.54
1531,2016-02-03,32.29,16336.6602
1532,2016-02-04,31.63,16416.5801
1533,2016-02-05,30.86,16204.9697
1534,2016-02-08,29.71,16027.0498
1535,2016-02-09,27.96,16014.3799
1536,2016-02-10,27.54,15914.7402
1537,2016-02-11,26.19,15660.1797
1538,2016-02-12,29.32,15973.8398
1539,2016-02-16,29.05,16196.4102
1540,2016-02-17,30.68,16453.8301
1541,2016-02-18,30.77,16413.4297
1542,2016-02-19,29.59,16391.9902
1543,2016-02-22,31.37,16620.6602
1544,2016-02-23,31.84,16431.7793
1545,2016-02-24,30.35,16484.9902
1546,2016-02-25,31.4,16697.2891
1547,2016-02-26,31.65,16639.9707
1548,2016-02-29,32.74,16516.5
1549,2016-03-01,34.39,16865.0801
1550,2016-03-02,34.57,16899.3203
1551,2016-03-03,34.56,16943.9004
1552,2016-03-04,35.91,17006.7695
1553,2016-03-07,37.9,17073.9492
1554,2016-03-08,36.67,16964.0996
1555,2016-03-09,37.62,17000.3594
1556,2016-03-10,37.77,16995.1309
1557,2016-03-11,38.51,17213.3105
1558,2016-03-14,37.2,17229.1309
1559,2016-03-15,36.32,17251.5293
1560,2016-03-16,38.43,17325.7598
1561,2016-03-17,40.17,17481.4902
1562,2016-03-18,39.47,17602.3008
1563,2016-03-21,39.91,17623.8691
1564,2016-03-22,41.45,17582.5703
1565,2016-03-23,38.28,17502.5898
1566,2016-03-24,38.14,17515.7305
1567,2016-03-28,37.99,17535.3906
1568,2016-03-29,36.91,17633.1094
1569,2016-03-30,36.91,17716.6602
1570,2016-03-31,36.94,17685.0898
1571,2016-04-01,35.36,17792.75
1572,2016-04-04,34.3,17737.0
1573,2016-04-05,34.52,17603.3203
1574,2016-04-06,37.74,17716.0508
1575,2016-04-07,37.3,17541.9609
1576,2016-04-08,39.74,17576.9609
1577,2016-04-11,40.46,17556.4102
1578,2016-04-12,42.12,17721.25
1579,2016-04-13,41.7,17908.2793
1580,2016-04-14,41.45,17926.4297
1581,2016-04-15,40.4,17897.4609
1582,2016-04-18,39.74,18004.1602
1583,2016-04-19,40.88,18053.5996
1584,2016-04-20,42.72,18096.2695
1585,2016-04-21,43.18,17982.5195
1586,2016-04-22,42.76,18003.75
1587,2016-04-25,41.67,17977.2402
1588,2016-04-26,42.52,17990.3203
1589,2016-04-27,45.29,18041.5508
1590,2016-04-28,46.03,17830.7598
1591,2016-04-29,45.98,17773.6406
1592,2016-05-02,44.75,17891.1602
1593,2016-05-03,43.65,17750.9102
1594,2016-05-04,43.77,17651.2598
1595,2016-05-05,44.33,17660.7109
1596,2016-05-06,44.58,17740.6309
1597,2016-05-09,43.45,17705.9102
1598,2016-05-10,44.68,17928.3496
1599,2016-05-11,46.21,17711.1191
1600,2016-05-12,46.64,17720.5
1601,2016-05-13,46.22,17535.3203
1602,2016-05-16,47.72,17710.7109
1603,2016-05-17,48.29,17529.9805
1604,2016-05-18,48.12,17526.6191
1605,2016-05-19,48.16,17435.4004
1606,2016-05-20,47.67,17500.9395
1607,2016-05-23,48.12,17492.9297
1608,2016-05-24,48.04,17706.0508
1609,2016-05-25,49.1,17851.5098
1610,2016-05-26,49.0,17828.2891
1611,2016-05-27,49.36,17873.2207
1612,2016-05-31,49.1,17787.1992
1613,2016-06-01,49.07,17789.6699
1614,2016-06-02,49.14,17838.5605
1615,2016-06-03,48.69,17807.0605
1616,2016-06-06,49.71,17920.3301
1617,2016-06-07,50.37,17938.2793
1618,2016-06-08,51.23,18005.0508
1619,2016-06-09,50.52,17985.1895
1620,2016-06-10,49.09,17865.3398
1621,2016-06-13,48.89,17732.4805
1622,2016-06-14,48.49,17674.8203
1623,2016-06-15,47.92,17640.1699
1624,2016-06-16,46.14,17733.0996
1625,2016-06-17,48.0,17675.1602
1626,2016-06-20,49.4,17804.8691
1627,2016-06-21,48.95,17829.7305
1628,2016-06-22,49.16,17780.8301
1629,2016-06-23,49.34,18011.0703
1630,2016-06-24,46.7,17400.75
1631,2016-06-27,45.8,17140.2402
1632,2016-06-28,47.93,17409.7207
1633,2016-06-29,49.85,17694.6797
1634,2016-06-30,48.27,17929.9902
1635,2016-07-01,49.02,17949.3691
1636,2016-07-05,46.73,17840.6191
1637,2016-07-06,47.37,17918.6191
1638,2016-07-07,45.22,17895.8809
1639,2016-07-08,45.37,18146.7402
1640,2016-07-11,44.73,18226.9297
1641,2016-07-12,46.82,18347.6699
1642,2016-07-13,44.87,18372.1191
1643,2016-07-14,45.64,18506.4102
1644,2016-07-15,45.93,18516.5508
1645,2016-07-18,45.23,18533.0508
1646,2016-07-19,44.64,18559.0098
1647,2016-07-20,44.96,18595.0293
1648,2016-07-21,43.96,18517.2305
1649,2016-07-22,43.41,18570.8496
1650,2016-07-25,42.4,18493.0605
1651,2016-07-26,42.16,18473.75
1652,2016-07-27,41.9,18472.1699
1653,2016-07-28,41.13,18456.3496
1654,2016-07-29,41.54,18432.2402
1655,2016-08-01,40.05,18404.5098
1656,2016-08-02,39.5,18313.7695
1657,2016-08-03,40.8,18355.0
1658,2016-08-04,41.92,18352.0508
1659,2016-08-05,41.83,18543.5293
1660,2016-08-08,43.06,18529.2891
1661,2016-08-09,42.78,18533.0508
1662,2016-08-10,41.75,18495.6602
1663,2016-08-11,43.51,18613.5195
1664,2016-08-12,44.47,18576.4707
1665,2016-08-15,45.72,18636.0508
1666,2016-08-16,46.57,18552.0195
1667,2016-08-17,46.81,18573.9395
1668,2016-08-18,48.2,18597.6992
1669,2016-08-19,48.48,18552.5703
1670,2016-08-22,46.8,18529.4199
1671,2016-08-23,47.54,18547.3008
1672,2016-08-24,46.29,18481.4805
1673,2016-08-25,46.97,18448.4102
1674,2016-08-26,47.64,18395.4004
1675,2016-08-29,46.97,18502.9902
1676,2016-08-30,46.32,18454.3008
1677,2016-08-31,44.68,18400.8809
1678,2016-09-01,43.17,18419.3008
1679,2016-09-02,44.39,18491.9609
1680,2016-09-06,44.85,18538.1191
1681,2016-09-07,45.47,18526.1406
1682,2016-09-08,47.63,18479.9102
1683,2016-09-09,45.88,18085.4492
1684,2016-09-12,46.28,18325.0703
1685,2016-09-13,44.91,18066.75
1686,2016-09-14,43.62,18034.7695
1687,2016-09-15,43.85,18212.4805
1688,2016-09-16,43.04,18123.8008
1689,2016-09-19,43.34,18120.1699
1690,2016-09-20,43.85,18129.9609
1691,2016-09-21,45.33,18293.6992
1692,2016-09-22,46.1,18392.4609
1693,2016-09-23,44.36,18261.4492
1694,2016-09-26,45.6,18094.8301
1695,2016-09-27,44.65,18228.3008
1696,2016-09-28,47.07,18339.2402
1697,2016-09-29,47.72,18143.4492
1698,2016-09-30,47.72,18308.1504
1699,2016-10-03,48.8,18253.8496
1700,2016-10-04,48.67,18168.4492
1701,2016-10-05,49.75,18281.0293
1702,2016-10-06,50.44,18268.5
1703,2016-10-07,49.76,18240.4902
1704,2016-10-10,49.76,18329.0391
1705,2016-10-11,50.72,18128.6602
1706,2016-10-12,50.14,18144.1992
1707,2016-10-13,50.47,18098.9395
1708,2016-10-14,50.35,18138.3809
1709,2016-10-17,49.97,18086.4004
1710,2016-10-18,50.3,18161.9395
1711,2016-10-19,51.59,18202.6191
1712,2016-10-20,50.31,18162.3496
1713,2016-10-21,50.61,18145.7109
1714,2016-10-24,50.18,18223.0293
1715,2016-10-25,49.45,18169.2695
1716,2016-10-26,48.75,18199.3301
1717,2016-10-27,49.71,18169.6797
1718,2016-10-28,48.72,18161.1895
1719,2016-10-31,46.83,18142.4199
1720,2016-11-01,46.66,18037.0996
1721,2016-11-02,45.32,17959.6406
1722,2016-11-03,44.66,17930.6699
1723,2016-11-04,44.07,17888.2793
1724,2016-11-07,44.88,18259.5996
1725,2016-11-08,44.96,18332.7402
1726,2016-11-09,45.2,18589.6895
1727,2016-11-10,44.62,18807.8809
1728,2016-11-11,43.39,18847.6602
1729,2016-11-14,43.29,18868.6895
1730,2016-11-15,45.86,18923.0605
1731,2016-11-16,45.56,18868.1406
1732,2016-11-17,45.37,18903.8203
1733,2016-11-18,45.69,18867.9297
1734,2016-11-21,47.48,18956.6895
1735,2016-11-22,48.07,19023.8691
1736,2016-11-23,46.72,19083.1797
1737,2016-11-25,46.72,19152.1406
1738,2016-11-28,45.66,19097.9004
1739,2016-11-29,45.29,19121.5996
1740,2016-11-30,49.41,19123.5801
1741,2016-12-01,51.08,19191.9297
1742,2016-12-02,51.7,19170.4199
1743,2016-12-05,51.72,19216.2402
1744,2016-12-06,50.95,19251.7793
1745,2016-12-07,49.85,19549.6191
1746,2016-12-08,50.84,19614.8105
1747,2016-12-09,51.51,19756.8496
1748,2016-12-12,52.74,19796.4297
1749,2016-12-13,52.99,19911.2109
1750,2016-12-14,51.01,19792.5293
1751,2016-12-15,50.9,19852.2402
1752,2016-12-16,51.93,19843.4102
1753,2016-12-19,52.13,19883.0605
1754,2016-12-20,52.22,19974.6191
1755,2016-12-21,51.44,19941.9609
1756,2016-12-22,51.98,19918.8809
1757,2016-12-23,52.01,19933.8105
1758,2016-12-27,52.82,19945.0391
1759,2016-12-28,54.01,19833.6797
1760,2016-12-29,53.8,19819.7793
1761,2016-12-30,53.75,19762.5996
1762,2017-01-03,52.36,19881.7598
1763,2017-01-04,53.26,19942.1602
1764,2017-01-05,53.77,19899.2891
1765,2017-01-06,53.98,19963.8008
1766,2017-01-09,51.95,19887.3809
1767,2017-01-10,50.82,19855.5293
1768,2017-01-11,52.19,19954.2793
1769,2017-01-12,53.01,19891.0
1770,2017-01-13,52.36,19885.7305
1771,2017-01-17,52.45,19826.7695
1772,2017-01-18,51.12,19804.7207
1773,2017-01-19,51.39,19732.4004
1774,2017-01-20,52.33,19827.25
1775,2017-01-23,52.77,19799.8496
1776,2017-01-24,52.38,19912.7109
1777,2017-01-25,52.14,20068.5098
1778,2017-01-26,53.24,20100.9102
1779,2017-01-27,53.18,20093.7793
1780,2017-01-30,52.63,19971.1309
1781,2017-01-31,52.75,19864.0898
1782,2017-02-01,53.9,19890.9395
1783,2017-02-02,53.55,19884.9102
1784,2017-02-03,53.81,20071.4609
1785,2017-02-06,53.01,20052.4199
1786,2017-02-07,52.19,20090.2891
1787,2017-02-08,52.37,20054.3398
1788,2017-02-09,52.99,20172.4004
1789,2017-02-10,53.84,20269.3691
1790,2017-02-13,52.96,20412.1602
1791,2017-02-14,53.21,20504.4102
1792,2017-02-15,53.11,20611.8594
1793,2017-02-16,53.41,20619.7695
1794,2017-02-17,53.41,20624.0508
1795,2017-02-21,54.02,20743.0
1796,2017-02-22,53.61,20775.5996
1797,2017-02-23,54.48,20810.3203
1798,2017-02-24,53.99,20821.7598
1799,2017-02-27,54.04,20837.4395
1800,2017-02-28,54.0,20812.2402
1801,2017-03-01,53.82,21115.5508
1802,2017-03-02,52.63,21002.9707
1803,2017-03-03,53.33,21005.7109
1804,2017-03-06,53.19,20954.3398
1805,2017-03-07,52.68,20924.7598
1806,2017-03-08,49.83,20855.7305
1807,2017-03-09,48.75,20858.1895
1808,2017-03-10,48.05,20902.9805
1809,2017-03-13,47.95,20881.4805
1810,2017-03-14,47.24,20837.3691
1811,2017-03-15,48.34,20950.0996
1812,2017-03-16,48.3,20934.5508
1813,2017-03-17,48.34,20914.6191
1814,2017-03-20,47.79,20905.8594
1815,2017-03-21,47.02,20668.0098
1816,2017-03-22,47.29,20661.3008
1817,2017-03-23,47.0,20656.5801
1818,2017-03-24,47.3,20596.7207
1819,2017-03-27,47.02,20550.9805
1820,2017-03-28,48.36,20701.5
1821,2017-03-29,49.47,20659.3203
1822,2017-03-30,50.3,20728.4902
1823,2017-03-31,50.54,20663.2207
1824,2017-04-03,50.25,20650.2109
1825,2017-04-04,50.99,20689.2402
1826,2017-04-05,51.14,20648.1504
1827,2017-04-06,51.69,20662.9492
1828,2017-04-07,52.25,20656.0996
1829,2017-04-10,53.06,20658.0195
1830,2017-04-11,53.38,20651.3008
1831,2017-04-12,53.12,20591.8594
1832,2017-04-13,53.19,20453.25
1833,2017-04-17,52.62,20636.9199
1834,2017-04-18,52.46,20523.2793
1835,2017-04-19,50.49,20404.4902
1836,2017-04-20,50.26,20578.7109
1837,2017-04-21,49.64,20547.7598
1838,2017-04-24,48.9,20763.8906
1839,2017-04-25,49.22,20996.1191
1840,2017-04-26,49.22,20975.0898
1841,2017-04-27,48.96,20981.3301
1842,2017-04-28,49.31,20940.5098
1843,2017-05-01,48.83,20913.4609
1844,2017-05-02,47.65,20949.8906
1845,2017-05-03,47.79,20957.9004
1846,2017-05-04,45.55,20951.4707
1847,2017-05-05,46.23,21006.9395
1848,2017-05-08,46.46,21012.2793
1849,2017-05-09,45.84,20975.7793
1850,2017-05-10,47.28,20943.1094
1851,2017-05-11,47.81,20919.4199
1852,2017-05-12,47.83,20896.6094
1853,2017-05-15,48.86,20981.9395
1854,2017-05-16,48.64,20979.75
1855,2017-05-17,49.04,20606.9297
1856,2017-05-18,49.36,20663.0195
1857,2017-05-19,50.32,20804.8398
1858,2017-05-22,50.81,20894.8301
1859,2017-05-23,51.12,20937.9102
1860,2017-05-24,50.99,21012.4199
1861,2017-05-25,48.57,21082.9492
1862,2017-05-26,49.58,21080.2793
1863,2017-05-30,49.63,21029.4707
1864,2017-05-31,48.29,21008.6504
1865,2017-06-01,48.32,21144.1797
1866,2017-06-02,47.68,21206.2891
1867,2017-06-05,47.4,21184.0391
1868,2017-06-06,48.13,21136.2305
1869,2017-06-07,45.8,21173.6895
1870,2017-06-08,45.68,21182.5293
1871,2017-06-09,45.82,21271.9707
1872,2017-06-12,46.1,21235.6699
1873,2017-06-13,46.41,21328.4707
1874,2017-06-14,44.79,21374.5605
1875,2017-06-15,44.47,21359.9004
1876,2017-06-16,44.73,21384.2793
1877,2017-06-19,44.24,21528.9902
1878,2017-06-20,43.34,21467.1406
1879,2017-06-21,42.48,21410.0293
1880,2017-06-22,42.53,21397.2891
1881,2017-06-23,42.86,21394.7598
1882,2017-06-26,43.24,21409.5508
1883,2017-06-27,44.25,21310.6602
1884,2017-06-28,44.74,21454.6094
1885,2017-06-29,44.88,21287.0293
1886,2017-06-30,46.02,21349.6309
1887,2017-07-03,46.02,21479.2695
1888,2017-07-05,45.11,21478.1699
1889,2017-07-06,45.52,21320.0391
1890,2017-07-07,44.25,21414.3398
1891,2017-07-10,44.4,21408.5195
1892,2017-07-11,45.06,21409.0703
1893,2017-07-12,45.48,21532.1406
1894,2017-07-13,46.06,21553.0898
1895,2017-07-14,46.53,21637.7402
1896,2017-07-17,46.02,21629.7207
1897,2017-07-18,46.4,21574.7305
1898,2017-07-19,47.1,21640.75
1899,2017-07-20,46.73,21611.7793
1900,2017-07-21,45.78,21580.0703
1901,2017-07-24,46.21,21513.1699
1902,2017-07-25,47.77,21613.4297
1903,2017-07-26,48.58,21711.0098
1904,2017-07-27,49.05,21796.5508
1905,2017-07-28,49.72,21830.3105
1906,2017-07-31,50.21,21891.1191
1907,2017-08-01,49.19,21963.9199
1908,2017-08-02,49.6,22016.2402
1909,2017-08-03,49.03,22026.0996
1910,2017-08-04,49.57,22092.8105
1911,2017-08-07,49.37,22118.4199
1912,2017-08-08,49.07,22085.3398
1913,2017-08-09,49.59,22048.6992
1914,2017-08-10,48.54,21844.0098
1915,2017-08-11,48.81,21858.3203
1916,2017-08-14,47.59,21993.7109
1917,2017-08-15,47.57,21998.9902
1918,2017-08-16,46.8,22024.8691
1919,2017-08-17,47.07,21750.7305
1920,2017-08-18,48.59,21674.5098
1921,2017-08-21,47.39,21703.75
1922,2017-08-22,47.65,21899.8906
1923,2017-08-23,48.45,21812.0898
1924,2017-08-24,47.24,21783.4004
1925,2017-08-25,47.65,21813.6699
1926,2017-08-28,46.4,21808.4004
1927,2017-08-29,46.46,21865.3691
1928,2017-08-30,45.96,21892.4297
1929,2017-08-31,47.26,21948.0996
1930,2017-09-01,47.32,21987.5605
1931,2017-09-05,48.63,21753.3105
1932,2017-09-06,49.13,21807.6406
1933,2017-09-07,49.1,21784.7793
1934,2017-09-08,47.44,21797.7891
1935,2017-09-11,48.06,22057.3691
1936,2017-09-12,48.21,22118.8594
1937,2017-09-13,49.3,22158.1797
1938,2017-09-14,49.86,22203.4805
1939,2017-09-15,49.9,22268.3398
1940,2017-09-18,49.88,22331.3496
1941,2017-09-19,49.54,22370.8008
1942,2017-09-20,50.29,22412.5898
1943,2017-09-21,50.58,22359.2305
1944,2017-09-22,50.33,22349.5898
1945,2017-09-25,51.85,22296.0898
1946,2017-09-26,51.59,22284.3203
1947,2017-09-27,52.14,22340.7109
1948,2017-09-28,51.62,22381.1992
1949,2017-09-29,51.67,22405.0898
1950,2017-10-02,50.59,22557.5996
1951,2017-10-03,50.44,22641.6699
1952,2017-10-04,50.0,22661.6406
1953,2017-10-05,50.79,22775.3906
1954,2017-10-06,49.34,22773.6699
1955,2017-10-09,49.58,22761.0703
1956,2017-10-10,50.93,22830.6797
1957,2017-10-11,51.3,22872.8906
1958,2017-10-12,50.61,22841.0098
1959,2017-10-13,51.43,22871.7207
1960,2017-10-16,51.86,22956.9609
1961,2017-10-17,51.87,22997.4395
1962,2017-10-18,52.05,23157.5996
1963,2017-10-19,51.29,23163.0391
1964,2017-10-20,51.63,23328.6309
1965,2017-10-23,51.91,23273.9609
1966,2017-10-24,52.32,23441.7598
1967,2017-10-25,51.97,23329.4609
1968,2017-10-26,52.41,23400.8594
1969,2017-10-27,53.92,23434.1895
1970,2017-10-30,54.11,23348.7402
1971,2017-10-31,54.36,23377.2402
1972,2017-11-01,54.32,23435.0098
1973,2017-11-02,54.55,23516.2598
1974,2017-11-03,55.63,23539.1895
1975,2017-11-06,57.34,23548.4199
1976,2017-11-07,57.19,23557.2305
1977,2017-11-08,56.82,23563.3594
1978,2017-11-09,57.16,23461.9395
1979,2017-11-10,56.75,23422.2109
1980,2017-11-13,56.77,23439.6992
1981,2017-11-14,55.67,23409.4707
1982,2017-11-15,55.28,23271.2793
1983,2017-11-16,55.14,23458.3594
1984,2017-11-17,56.21,23358.2402
1985,2017-11-20,56.21,23430.3301
1986,2017-11-21,56.84,23590.8301
1987,2017-11-22,57.88,23526.1797
1988,2017-11-24,58.94,23557.9902
1989,2017-11-27,58.1,23580.7793
1990,2017-11-28,57.96,23836.7109
1991,2017-11-29,57.25,23940.6797
1992,2017-11-30,57.4,24272.3496
1993,2017-12-01,58.35,24231.5898
1994,2017-12-04,57.48,24290.0508
1995,2017-12-05,57.66,24180.6406
1996,2017-12-06,55.79,24140.9102
1997,2017-12-07,56.5,24211.4805
1998,2017-12-08,57.15,24329.1602
1999,2017-12-11,57.84,24386.0293
2000,2017-12-12,57.12,24504.8008
2001,2017-12-13,56.59,24585.4297
2002,2017-12-14,57.0,24508.6602
2003,2017-12-15,57.29,24651.7402
2004,2017-12-18,57.17,24792.1992
2005,2017-12-19,57.49,24754.75
2006,2017-12-20,58.09,24726.6504
2007,2017-12-21,58.34,24782.2891
2008,2017-12-22,58.25,24754.0605
2009,2017-12-26,59.55,24746.2109
2010,2017-12-27,59.67,24774.3008
2011,2017-12-28,59.84,24837.5098
2012,2017-12-29,60.46,24719.2207
2013,2018-01-02,60.37,24824.0098
2014,2018-01-03,61.61,24922.6797
2015,2018-01-04,61.98,25075.1309
2016,2018-01-05,61.49,25295.8691
2017,2018-01-08,61.73,25283.0
2018,2018-01-09,62.92,25385.8008
2019,2018-01-10,63.6,25369.1309
2020,2018-01-11,63.81,25574.7305
2021,2018-01-12,64.22,25803.1895
2022,2018-01-16,63.82,25792.8594
2023,2018-01-17,63.92,26115.6504
2024,2018-01-18,63.96,26017.8105
2025,2018-01-19,63.38,26071.7207
2026,2018-01-22,63.66,26214.5996
2027,2018-01-23,64.45,26210.8105
2028,2018-01-24,65.69,26252.1191
2029,2018-01-25,65.62,26392.7891
2030,2018-01-26,66.27,26616.7109
2031,2018-01-29,65.71,26439.4805
2032,2018-01-30,64.64,26076.8906
2033,2018-01-31,64.82,26149.3906
2034,2018-02-01,65.92,26186.7109
2035,2018-02-02,65.5,25520.9609
2036,2018-02-05,64.18,24345.75
2037,2018-02-06,63.48,24912.7695
2038,2018-02-07,61.91,24893.3496
2039,2018-02-08,61.3,23860.4609
2040,2018-02-09,59.2,24190.9004
2041,2018-02-12,59.41,24601.2695
2042,2018-02-13,59.33,24640.4492
2043,2018-02-14,60.7,24893.4902
2044,2018-02-15,61.48,25200.3691
2045,2018-02-16,61.89,25219.3809
2046,2018-02-20,61.91,24964.75
2047,2018-02-21,61.73,24797.7793
2048,2018-02-22,62.72,24962.4805
2049,2018-02-23,63.52,25309.9902
2050,2018-02-26,63.81,25709.2695
2051,2018-02-27,62.94,25410.0293
2052,2018-02-28,61.43,25029.1992
2053,2018-03-01,60.98,24608.9805
2054,2018-03-02,61.19,24538.0605
2055,2018-03-05,62.49,24874.7598
2056,2018-03-06,62.54,24884.1191
2057,2018-03-07,61.09,24801.3594
2058,2018-03-08,60.13,24895.2109
2059,2018-03-09,62.02,25335.7402
2060,2018-03-12,61.35,25178.6094
2061,2018-03-13,60.69,25007.0293
2062,2018-03-14,60.89,24758.1191
2063,2018-03-15,61.16,24873.6602
2064,2018-03-16,62.29,24946.5098
2065,2018-03-19,62.01,24610.9102
2066,2018-03-20,63.37,24727.2695
2067,2018-03-21,65.1,24682.3105
2068,2018-03-22,64.25,23957.8906
2069,2018-03-23,65.8,23533.1992
2070,2018-03-26,65.49,24202.5996
2071,2018-03-27,65.21,23857.7109
2072,2018-03-28,64.3,23848.4199
2073,2018-03-29,64.87,24103.1094
2074,2018-04-02,63.05,23644.1895
2075,2018-04-03,63.41,24033.3594
2076,2018-04-04,63.35,24264.3008
2077,2018-04-05,63.53,24505.2207
2078,2018-04-06,62.03,23932.7598
2079,2018-04-09,63.4,23979.0996
2080,2018-04-10,65.48,24408.0
2081,2018-04-11,66.81,24189.4492
2082,2018-04-12,67.07,24483.0508
2083,2018-04-13,67.35,24360.1406
2084,2018-04-16,66.23,24573.0391
2085,2018-04-17,66.5,24786.6309
2086,2018-04-18,68.44,24748.0703
2087,2018-04-19,68.3,24664.8906
2088,2018-04-20,68.26,24462.9395
2089,2018-04-23,67.61,24448.6895
2090,2018-04-24,67.66,24024.1309
2091,2018-04-25,68.0,24083.8301
2092,2018-04-26,68.18,24322.3398
2093,2018-04-27,68.11,24311.1895
2094,2018-04-30,68.56,24163.1504
2095,2018-05-01,67.28,24099.0508
2096,2018-05-02,67.91,23924.9805
2097,2018-05-03,68.45,23930.1504
2098,2018-05-04,69.71,24262.5098
2099,2018-05-07,70.74,24357.3203
2100,2018-05-08,68.83,24360.2109
2101,2018-05-09,71.16,24542.5391
2102,2018-05-10,71.36,24739.5293
2103,2018-05-11,70.69,24831.1699
2104,2018-05-14,71.01,24899.4102
2105,2018-05-15,71.34,24706.4102
2106,2018-05-16,71.43,24768.9297
2107,2018-05-17,71.47,24713.9805
2108,2018-05-18,71.23,24715.0898
2109,2018-05-21,72.26,25013.2891
2110,2018-05-22,72.09,24834.4102
2111,2018-05-23,71.85,24886.8105
2112,2018-05-24,70.77,24811.7598
2113,2018-05-25,67.92,24753.0898
2114,2018-05-29,66.8,24361.4492
2115,2018-05-30,68.24,24667.7793
2116,2018-05-31,66.98,24415.8398
2117,2018-06-01,65.81,24635.2109
2118,2018-06-04,64.76,24813.6895
2119,2018-06-05,65.51,24799.9805
2120,2018-06-06,64.75,25146.3906
2121,2018-06-07,65.96,25241.4102
2122,2018-06-08,65.77,25316.5293
2123,2018-06-11,66.1,25322.3105
2124,2018-06-12,66.38,25320.7305
2125,2018-06-13,66.63,25201.1992
2126,2018-06-14,66.91,25175.3105
2127,2018-06-15,65.01,25090.4805
2128,2018-06-18,65.91,24987.4707
2129,2018-06-19,65.09,24700.2109
2130,2018-06-20,65.92,24657.8008
2131,2018-06-21,65.68,24461.6992
2132,2018-06-22,69.02,24580.8906
2133,2018-06-25,69.91,24252.8008
2134,2018-06-26,75.23,24283.1094
2135,2018-06-27,77.41,24117.5898
2136,2018-06-28,73.45,24216.0508
2137,2018-06-29,74.13,24271.4102
2138,2018-07-02,73.89,24307.1797
2139,2018-07-03,74.19,24174.8203
2140,2018-07-05,73.05,24356.7402
2141,2018-07-06,73.78,24456.4805
2142,2018-07-09,73.93,24776.5898
2143,2018-07-10,74.11,24919.6602
2144,2018-07-11,70.47,24700.4492
2145,2018-07-12,70.28,24924.8906
2146,2018-07-13,71.03,25019.4102
2147,2018-07-16,68.22,25064.3594
2148,2018-07-17,68.03,25119.8906
2149,2018-07-18,68.78,25199.2891
2150,2018-07-19,69.42,25064.5
2151,2018-07-20,70.31,25058.1191
2152,2018-07-23,67.9,25044.2891
2153,2018-07-24,70.77,25241.9395
2154,2018-07-25,71.13,25414.0996
2155,2018-07-26,71.59,25527.0703
2156,2018-07-27,68.66,25451.0605
2157,2018-07-30,71.19,25306.8301
2158,2018-07-31,69.88,25415.1895
2159,2018-08-01,68.8,25333.8203
2160,2018-08-02,68.95,25326.1602
2161,2018-08-03,68.49,25462.5801
2162,2018-08-06,69.01,25502.1797
2163,2018-08-07,69.17,25628.9102
2164,2018-08-08,66.92,25583.75
2165,2018-08-09,66.81,25509.2305
2166,2018-08-10,67.61,25313.1406
2167,2018-08-13,67.25,25187.6992
2168,2018-08-14,67.04,25299.9199
2169,2018-08-15,65.07,25162.4102
2170,2018-08-16,65.44,25558.7305
2171,2018-08-17,65.93,25669.3203
2172,2018-08-20,66.5,25758.6895
2173,2018-08-21,67.32,25822.2891
2174,2018-08-22,67.85,25733.5996
2175,2018-08-23,69.13,25656.9805
2176,2018-08-24,69.71,25790.3496
2177,2018-08-27,69.97,26049.6406
2178,2018-08-28,68.54,26064.0195
2179,2018-08-29,69.68,26124.5703
2180,2018-08-30,70.25,25986.9199
2181,2018-08-31,69.84,25964.8203
2182,2018-09-04,69.82,25952.4805
2183,2018-09-05,68.69,25974.9902
2184,2018-09-06,67.81,25995.8691
2185,2018-09-07,67.73,25916.5391
2186,2018-09-10,67.55,25857.0703
2187,2018-09-11,69.29,25971.0605
2188,2018-09-12,70.37,25998.9199
2189,2018-09-13,68.6,26145.9902
2190,2018-09-14,68.98,26154.6699
2191,2018-09-17,68.86,26062.1191
2192,2018-09-18,69.87,26246.9609
2193,2018-09-19,71.08,26405.7598
2194,2018-09-20,70.77,26656.9805
2195,2018-09-21,70.8,26743.5
2196,2018-09-24,73.23,26562.0508
2197,2018-09-25,73.4,26492.2109
2198,2018-09-26,72.22,26385.2793
2199,2018-09-27,72.18,26439.9297
2200,2018-09-28,73.16,26458.3105
2201,2018-10-01,75.37,26651.2109
2202,2018-10-02,75.16,26773.9395
2203,2018-10-03,76.4,26828.3906
2204,2018-10-04,74.44,26627.4805
2205,2018-10-05,74.26,26447.0508
2206,2018-10-08,74.27,26486.7793
2207,2018-10-09,74.95,26430.5703
2208,2018-10-10,73.18,25598.7402
2209,2018-10-11,70.97,25052.8301
2210,2018-10-12,71.41,25339.9902
2211,2018-10-15,71.84,25250.5508
2212,2018-10-16,71.93,25798.4199
2213,2018-10-17,69.63,25706.6797
2214,2018-10-18,68.63,25379.4492
2215,2018-10-19,69.16,25444.3398
2216,2018-10-22,69.25,25317.4102
2217,2018-10-23,66.49,25191.4297
2218,2018-10-24,66.56,24583.4199
2219,2018-10-25,67.25,24984.5508
2220,2018-10-26,67.58,24688.3105
2221,2018-10-29,67.0,24442.9199
2222,2018-10-30,66.18,24874.6406
2223,2018-10-31,65.31,25115.7598
2224,2018-11-01,63.67,25380.7402
2225,2018-11-02,63.12,25270.8301
2226,2018-11-05,63.12,25461.6992
2227,2018-11-06,62.16,25635.0098
2228,2018-11-07,61.69,26180.3008
2229,2018-11-08,60.71,26191.2207
2230,2018-11-09,60.19,25989.3008
2231,2018-11-12,59.85,25387.1797
2232,2018-11-13,55.63,25286.4902
2233,2018-11-14,56.16,25080.5
2234,2018-11-15,56.45,25289.2695
2235,2018-11-16,56.49,25413.2207
2236,2018-11-19,57.16,25017.4395
2237,2018-11-20,53.39,24465.6406
2238,2018-11-21,54.41,24464.6895
2239,2018-11-26,51.46,24640.2402
2240,2018-11-27,51.31,24748.7305
2241,2018-11-28,50.06,25366.4297
2242,2018-11-29,51.46,25338.8398
2243,2018-11-30,50.78,25538.4609
2244,2018-12-03,52.98,25826.4297
2245,2018-12-04,53.21,25027.0703
2246,2018-12-06,51.54,24947.6699
2247,2018-12-07,52.76,24388.9492
2248,2018-12-10,51.07,24423.2598
2249,2018-12-11,51.65,24370.2402
2250,2018-12-12,51.04,24527.2695
2251,2018-12-13,52.69,24597.3809
2252,2018-12-14,51.26,24100.5098
2253,2018-12-17,49.8,23592.9805
2254,2018-12-18,46.12,23675.6406
2255,2018-12-19,47.96,23323.6602
2256,2018-12-20,45.64,22859.5996
2257,2018-12-21,45.38,22445.3691
2258,2018-12-26,46.04,22878.4492
2259,2018-12-27,44.48,23138.8203
2260,2018-12-28,45.15,23062.4004
2261,2019-01-02,46.31,23346.2402
2262,2019-01-03,46.92,22686.2207
2263,2019-01-04,47.76,23433.1602
2264,2019-01-07,48.27,23531.3496
2265,2019-01-08,49.58,23787.4492
2266,2019-01-09,52.19,23879.1191
2267,2019-01-10,52.42,24001.9199
2268,2019-01-11,51.44,23995.9492
2269,2019-01-14,50.31,23909.8398
2270,2019-01-15,51.8,24065.5898
2271,2019-01-16,52.08,24207.1602
2272,2019-01-17,51.83,24370.0996
2273,2019-01-18,53.6,24706.3496
2274,2019-01-22,52.59,24404.4805
2275,2019-01-23,52.44,24575.6191
2276,2019-01-24,52.94,24553.2402
2277,2019-01-25,53.53,24737.1992
2278,2019-01-28,51.79,24528.2207
2279,2019-01-29,53.07,24579.9609
2280,2019-01-30,54.18,25014.8594
2281,2019-01-31,53.84,24999.6699
2282,2019-02-01,55.29,25063.8906
2283,2019-02-04,54.57,25239.3691
2284,2019-02-05,53.69,25411.5195
2285,2019-02-06,53.94,25390.3008
2286,2019-02-07,52.68,25169.5293
2287,2019-02-08,52.75,25106.3301
2288,2019-02-11,52.43,25053.1094
2289,2019-02-12,53.14,25425.7598
2290,2019-02-13,53.84,25543.2695
2291,2019-02-14,54.4,25439.3906
2292,2019-02-15,55.58,25883.25
2293,2019-02-19,56.12,25891.3203
2294,2019-02-20,56.9,25954.4395
2295,2019-02-21,56.95,25850.6309
2296,2019-02-22,57.01,26031.8105
2297,2019-02-25,55.32,26091.9492
2298,2019-02-26,55.4,26057.9805
2299,2019-02-27,56.92,25985.1602
2300,2019-02-28,57.21,25916.0
2301,2019-03-01,55.76,26026.3203
2302,2019-03-04,56.6,25819.6504
2303,2019-03-05,56.55,25806.6309
2304,2019-03-06,56.22,25673.4609
2305,2019-03-07,56.6,25473.2305
2306,2019-03-08,55.77,25450.2402
2307,2019-03-11,56.79,25650.8809
2308,2019-03-12,56.89,25554.6602
2309,2019-03-13,58.27,25702.8906
2310,2019-03-14,58.59,25709.9395
2311,2019-03-15,58.51,25848.8691
2312,2019-03-18,59.09,25914.0996
2313,2019-03-19,59.12,25887.3809
2314,2019-03-20,60.12,25745.6699
2315,2019-03-21,59.98,25962.5098
2316,2019-03-22,58.87,25502.3203
2317,2019-03-25,58.71,25516.8301
2318,2019-03-26,59.87,25657.7305
2319,2019-03-27,59.39,25625.5898
2320,2019-03-28,59.29,25717.4609
2321,2019-03-29,60.19,25928.6797
2322,2019-04-01,61.59,26258.4199
2323,2019-04-02,62.53,26179.1309
2324,2019-04-03,62.46,26218.1309
2325,2019-04-04,62.12,26384.6309
2326,2019-04-05,63.1,26424.9902
2327,2019-04-08,64.37,26341.0195
2328,2019-04-09,64.05,26150.5801
2329,2019-04-10,64.62,26157.1602
2330,2019-04-11,63.61,26143.0508
2331,2019-04-12,63.86,26412.3008
2332,2019-04-15,63.43,26384.7695
2333,2019-04-16,64.01,26452.6602
2334,2019-04-17,63.74,26449.5391
2335,2019-04-18,64.02,26559.5391
2336,2019-04-22,65.66,26511.0508
2337,2019-04-23,66.24,26656.3906
2338,2019-04-24,65.96,26597.0508
2339,2019-04-25,65.23,26462.0801
2340,2019-04-26,63.29,26543.3301
2341,2019-04-29,63.39,26554.3906
2342,2019-04-30,63.83,26592.9102
2343,2019-05-01,63.55,26430.1406
2344,2019-05-02,61.75,26307.7891
2345,2019-05-03,61.98,26504.9492
2346,2019-05-06,62.3,26438.4805
2347,2019-05-07,61.41,25965.0898
2348,2019-05-08,62.13,25967.3301
2349,2019-05-09,61.58,25828.3594
2350,2019-05-10,61.65,25942.3691
2351,2019-05-13,60.97,25324.9902
2352,2019-05-14,61.82,25532.0508
2353,2019-05-15,62.03,25648.0195
2354,2019-05-16,62.93,25862.6797
2355,2019-05-17,62.77,25764.0
2356,2019-05-20,63.12,25679.9004
2357,2019-05-21,63.02,25877.3301
2358,2019-05-22,61.42,25776.6094
2359,2019-05-23,57.65,25490.4707
2360,2019-05-24,58.4,25585.6895
2361,2019-05-28,58.91,25347.7695
2362,2019-05-29,58.84,25126.4102
2363,2019-05-30,56.47,25169.8809
2364,2019-05-31,53.49,24815.0391
2365,2019-06-03,53.25,24819.7793
2366,2019-06-04,53.5,25332.1797
2367,2019-06-05,51.57,25539.5703
2368,2019-06-06,52.59,25720.6602
2369,2019-06-07,53.95,25983.9395
2370,2019-06-10,53.33,26062.6797
2371,2019-06-11,53.3,26048.5098
2372,2019-06-12,51.13,26004.8301
2373,2019-06-13,52.38,26106.7695
2374,2019-06-14,52.47,26089.6094
2375,2019-06-17,51.94,26112.5293
2376,2019-06-18,53.86,26465.5391
2377,2019-06-19,53.74,26504.0
2378,2019-06-20,56.88,26753.1699
2379,2019-06-21,57.35,26719.1309
2380,2019-06-24,57.73,26727.5391
2381,2019-06-25,57.63,26548.2207
2382,2019-06-26,59.17,26536.8203
2383,2019-06-27,59.18,26526.5801
2384,2019-06-28,58.2,26599.9609
2385,2019-07-01,58.91,26717.4297
2386,2019-07-02,56.0,26786.6797
2387,2019-07-03,57.06,26966.0
2388,2019-07-08,57.35,26806.1406
2389,2019-07-09,57.57,26783.4902
2390,2019-07-10,60.28,26860.1992
2391,2019-07-11,59.93,27088.0801
2392,2019-07-12,59.99,27332.0293
2393,2019-07-15,59.3,27359.1602
2394,2019-07-16,57.44,27335.6309
2395,2019-07-17,56.5,27219.8496
2396,2019-07-18,55.08,27222.9707
2397,2019-07-19,55.42,27154.1992
2398,2019-07-22,55.87,27171.9004
2399,2019-07-23,56.58,27349.1895
2400,2019-07-24,55.9,27269.9707
2401,2019-07-25,55.88,27140.9805
2402,2019-07-26,56.04,27192.4492
2403,2019-07-29,56.85,27221.3496
2404,2019-07-30,58.04,27198.0195
2405,2019-07-31,58.53,26864.2695
2406,2019-08-01,53.64,26583.4199
2407,2019-08-02,55.67,26485.0098
2408,2019-08-05,54.63,25717.7402
2409,2019-08-06,53.6,26029.5195
2410,2019-08-07,51.14,26007.0703
2411,2019-08-08,52.6,26378.1895
2412,2019-08-09,54.41,26287.4395
2413,2019-08-12,54.98,25896.4395
2414,2019-08-13,57.05,26279.9102
2415,2019-08-14,55.16,25479.4199
2416,2019-08-15,54.51,25579.3906
2417,2019-08-16,54.83,25886.0098
2418,2019-08-19,56.24,26135.7891
2419,2019-08-20,56.18,25962.4395
2420,2019-08-21,55.65,26202.7305
2421,2019-08-22,55.33,26252.2402
2422,2019-08-23,54.08,25628.9004
2423,2019-08-26,53.54,25898.8301
2424,2019-08-27,54.99,25777.9004
2425,2019-08-28,55.76,26036.0996
2426,2019-08-29,56.67,26362.25
2427,2019-08-30,55.07,26403.2793
2428,2019-09-03,53.91,26118.0195
2429,2019-09-04,56.22,26355.4707
2430,2019-09-05,56.33,26728.1504
2431,2019-09-06,56.45,26797.4609
2432,2019-09-09,57.88,26835.5098
2433,2019-09-10,57.37,26909.4297
2434,2019-09-11,55.66,27137.0391
2435,2019-09-12,55.13,27182.4492
2436,2019-09-13,54.76,27219.5195
2437,2019-09-16,63.1,27076.8203
2438,2019-09-17,59.26,27110.8008
2439,2019-09-18,58.19,27147.0801
2440,2019-09-19,58.19,27094.7891
2441,2019-09-20,57.92,26935.0703
2442,2019-09-23,58.69,26949.9902
2443,2019-09-24,57.22,26807.7695
2444,2019-09-25,56.38,26970.7109
2445,2019-09-26,56.24,26891.1191
2446,2019-09-27,55.95,26820.25
2447,2019-09-30,54.09,26916.8301
2448,2019-10-01,53.6,26573.0391
2449,2019-10-02,52.67,26078.6191
2450,2019-10-03,52.41,26201.0391
2451,2019-10-04,52.84,26573.7207
2452,2019-10-07,52.76,26478.0195
2453,2019-10-08,52.64,26164.0391
2454,2019-10-09,52.63,26346.0098
2455,2019-10-10,53.57,26496.6699
2456,2019-10-11,54.76,26816.5898
2457,2019-10-14,53.57,26787.3594
2458,2019-10-15,52.81,27024.8008
2459,2019-10-16,53.42,27001.9805
2460,2019-10-17,53.89,27025.8809
2461,2019-10-18,53.75,26770.1992
2462,2019-10-21,53.28,26827.6406
2463,2019-10-22,54.21,26788.0996
2464,2019-10-23,55.9,26833.9492
2465,2019-10-24,56.11,26805.5293
2466,2019-10-25,56.52,26958.0605
2467,2019-10-28,55.6,27090.7207
2468,2019-10-29,55.34,27071.4609
2469,2019-10-30,54.85,27186.6895
2470,2019-10-31,54.02,27046.2305
2471,2019-11-01,56.04,27347.3594
2472,2019-11-04,56.33,27462.1094
2473,2019-11-05,57.04,27492.6309
2474,2019-11-06,56.15,27492.5605
2475,2019-11-07,56.91,27674.8008
2476,2019-11-08,57.02,27681.2402
2477,2019-11-11,56.61,27691.4902
2478,2019-11-12,56.67,27691.4902
2479,2019-11-13,56.88,27783.5898
2480,2019-11-14,56.57,27781.9609
2481,2019-11-15,57.54,28004.8906
2482,2019-11-18,56.82,28036.2207
2483,2019-11-19,54.93,27934.0195
2484,2019-11-20,56.71,27821.0898
2485,2019-11-21,58.36,27766.2891
2486,2019-11-22,57.68,27875.6191
2487,2019-11-25,57.79,28066.4707
2488,2019-11-26,58.25,28121.6797
2489,2019-11-27,58.12,28164.0
2490,2019-12-02,55.97,27783.0391
